language,sentence
thai,| ข้อความน่ารักๆ ทุกวัย
thai,หรือเรื่องราวในอดีต
thai,150 ข้อ
thai,| ท่องเที่ยวออนไลน์
thai,ที่คุณสามารถนำไปใช้ในสื่อการเรียนรู้ | ข้อมูลสาระน่ารู้
thai,ที่ต้องการให้คุณอ่านและรู้จัก 1. มีความสุขเสมอ 2
thai,"ทั้งในเรื่องสุขภาพ, ความรู้, ความคิดเห็น และประสบการณ์"
thai,- หัวข้อ : การเขียนประโยคภาษาไทย
thai,ที่มีความหมาย | เรียนภาษาไทย
thai,หรือเรื่องราวที่เกิดขึ้นในช่วงเวลาปัจจุบัน | สอน
thai,ทั้งการเรียน การทำงาน การพักผ่อน การสร้างความสุขในครอบครัว หรือแม
thai,2021 - สร้างความคิดเห็นใหม่ๆ ในหัวใจของคุณ - ข้อมูล
thai,- คุณจะทำอะไรบ้างในแต่ละวัน? - ต้องใช้เวลาอย่างไรในการทำงานหร
thai,1. ตื่นขึ้นมาในทุกวันมีความสุขมากครับ/ค่ะ
thai,ที่เราเคยรู้สึกตัวอย่างนี้ - ข่าวสด
thai,2016-10-31 - คุณภาพในการเข้าใจและการใช้คำศัพท์
thai,"1. ทุกวันนี้, ฉันต้องการที่จะเริ่มต้นใหม่ และทำ"
thai,- 10 อธิบายเหตุผลที่ทำให้คุณรู้สึกดีในชีว
thai,ให้เป็นเรื่องราวในรูปแบบของข้อความสั้น ๆ และสามารถนำไปใช้ได้
thai,แต่มีความหมายที่ลึกซึ้งและน่าสนใจ | สร้างประสบการณ์ด้วยต
thai,ที่จะทำให้คุณรู้สึกดี - iMakassar
thai,| บทความน่าสนใจ
thai,ที่ใช้เวลาทำงาน หรือเรียนในวันนี้
thai,1. ตื่นขึ้นมาในเช้าตรู่ มันดีที่สุดเมื่อเราได
thai,1. ฉันชอบนั่งอยู่ท่ามกลางสายลมและมองเห็นวิวสระน้ำ
thai,| สร้างแรงบันดาลใจให้ชีวิตของคุณ
thai,ให้เป็นความคิดเห็นที่ดีเกี่ยวกับสิ่งที่ได้ทำในว
thai,ที่สามารถนำมาใช้ในงานสื่อสารทั่วไปได้
thai,ที่เราไม่เคยได้ลองหรือทำมาก่อน - การศึกษา
thai,- 10 สั้น ๆ ไม่ซ้ำใคร | บ้านและสวน
thai,| ข้อคิดอัพเดทใหม่
thai,| ข่าวด่วน ข่าวสาร ความรู้เกี่ยวกับการเรียน ทั้งในหัว
thai,| ต้นน้ำ
thai,| คุณภาพ ความรู้ ความสุข
thai,- ข้อมูลการเรียนรู้
thai,ทั่วไป แบบไม่มีคำคมหรือคำพูดซุปเปอร์มาร์เก็ต
thai,- คุณภาพ
thai,| คู่มือการเขียนของฉัน
thai,แบบง่ายๆ | ทำให้คุณรู้สึกผ่อนคลาย และมีความสุข
thai,สำหรับนักเรียน ที่มีเนื้อหาที่ดูขงค์และติดตาม
thai,ให้เป็นคำนึง - Page 2 of 13 - สำหรับการเริ่มต้นการเข
thai,แต่มีความหมายดี | การ์ตูนและเรื่องเล่า
thai,| ทุกคนมีความทรงจำที่ดีหรือไม่?
thai,- 2564 - คุณภาพของความรู้
thai,| ฟิล์มพัฒนา
thai,- คุณภาพของคำและเนื้อหาที่จะทำให้คุณสื่อสารกับผ
thai,- ความสุขในแต่ละวัน
thai,| ข้อความที่มีคุณภาพ
thai,"ตัวอย่าง: ""ตอนเช้าผมจะขับรถส่งของไปที่ร้านค้าขายสินค้า"
thai,ที่เป็นจริงในปัจจุบัน - คณิตศาสตร์ ภาษาไทย
thai,ที่สามารถทำได้ด้วยตัวเอง | วิจัยออนไลน์
thai,| สาระเรื่องราวจากสังคม
thai,หรือความรู้สึก | ศูนย์ข้อมูลเรื่องราวความคิดเห็น
thai,- บล็อกต่างๆ
thai,ที่คุณสามารถใช้ได้จริง | สร้างนิสัยดีๆ | วิธี
thai,ที่คุณสามารถใช้ได้จริงในชีวิตประจำวัน - สร้างความสนุกและ
thai,1. ฉันทำงานที่ บริษัท XYZ นี้มานานแล้ว
thai,50 ข้อ | Siam English
thai,| บล็อกเกิร์ลทั้งหมด
thai,| สร้างความสุขให้ตัวเองและคนอื่น
thai,หรือความสุขที่ทำให้ชีวิตดียิ่งขึ้น | คู่ม
thai,2018-10-19
thai,ให้เป็นตัวอย่าง | สร้างความสุขในชีวิตของคุณด้วยคำ
thai,| ติ๊กตอกส์
thai,150-200 ตัวอักษร - สำหรับนักเรียน
thai,ที่คุณสามารถใช้ได้จริง - สร้างความสุข
thai,หรือสิ่งที่ทำได้ทุกวัน - Page 10 of 34
thai,150 คำ สำหรับนักเรียนมัธยมต้น - สรุปข้อมูลท
thai,- ความรู้
thai,| สรุปข่าวสารล่าสุด
thai,ที่น่าสนใจและเก็บไว้เป็นความทรงจำ | วิธีการเรียนรู้ภาษาอัง
thai,| สร้างสรรค์ ทำให้ดูมั่นใจ
thai,- ขั้นตอนการเขียน
thai,- บล็อก บทความด่วนทุกวัน
thai,"- คุณสามารถใช้ตัวอย่างเช่น ""ฉันชอบดูหนัง"" เพื่อให้มั่"
thai,หรือการเรียน หรืองานอดิเรก
thai,- สร้างความสุขในชีวิตประจำวัน
thai,แบบไม่ลืม | สอนทำเว็บ
thai,- 7 นาที
thai,ด้วยภาษาไทย | สอนภาษาอังกฤษออนไลน์
thai,- บ้านเรือน ทรัพยากรธรรมชาติ
thai,ให้คุณสามารถเรียบเรียงได้ง่ายๆ
thai,- ข้อความบุคคลทั่วไป
thai,แต่ละ句เป็นส่วนประกอบทั้งหมด - ความคิดเห็นที่ถูกต้องในห
thai,การจัดการความรู้เกี่ยวกับภาษาไทยที่มีความเป็นธรรมชาติและง่ายด
thai,- วิทยาศาสตร์การสอน
thai,สำหรับนักเรียน | การจัดการเรียนรู้ออนไลน์
thai,ที่คนอื่นอาจไม่รู้ถึงความจริงของเรามากเท่าไหร่ - สรุ
thai,- ศัพท์ใหม่และแปล
thai,- วิธีการเขียนคำพูดในภาษาอังกฤษ
thai,| ความรู้ดี ๆ
thai,- ศิลปะการเขียน
thai,ที่ใช้ภาษาไทย - มือใหม่เริ่มต้นทำเว็บไซต์
thai,ที่คุณสามารถสร้างความรู้สึกดี ๆ ให้กับตัวเองได้ - ทำ
thai,| รูปภาพทั้งหมด
thai,| ข้อมูลทั่วไปเกี่ยวกับการเรียนภาษาอังกฤษเพิ่มเติม
thai,ที่จะทำให้คุณรู้สึกสบายใจมากขึ้น - บ้านและสวน
thai,หรือเรื่องราวของตนเอง
thai,- ความรู้เกี่ยวกับการเขียนแบบอย่าง
thai,ทั้งการใช้เวลาทำงาน การสื่อสาร และความสำเร็จในชีวิต - Page 2
thai,หรือเรื่องราวที่เกิดขึ้นในช่วงเวลาพักผ่อน - การ์ดมิ
thai,10 ข้อ - ความรู้ทั่วไป | www.365yoursite.com
thai,50 ประโยค - 2021
thai,ให้เป็นตัวอย่าง
thai,- บุญเรือง
thai,ที่คุณต้องการ
thai,ไม่ต้องใช้ภาษาทุเรียน
thai,| ติดตามความคิดเห็นของเพื่อน
thai,หรือเรื่องราวที่คุณชอบ | สร้างรายได้เสริมด้วยการเขียนข
thai,หรือเรื่องที่คุณชอบ หรืออยากแชร์ หรืออัปเดตข้อมูล
thai,| คุณภาพของข้อความ - Pantip
thai,20/10/64
thai,ทั้งความสุขและความยากลำบาก
thai,- 10 ข้อคิดที่จะทำให้คุณมั่นใจในตัวเอง
thai,10 ข้อความ | สินค้า
thai,- 10 อ่านแล้ว
thai,"ทั้งเรื่องราวของคน, สถานที่, 事物หรือความคิดเห็นเกี่ยวก"
thai,หรือเรื่องราวทั่วไป ไม่ต้องใช้ภาษาสากล
thai,ไม่ต้องคิดยากๆ เล่นๆ ง่ายๆ สำหรับนักเรียน
thai,หรือเรื่องที่เกิดขึ้นในช่วงเวลาปัจจุบัน
thai,- หัวข้อ: ความรู้เกี่ยวกับภาษาไทย
thai,หรือสิ่งที่คุณต้องการให้ผู้อื่นรู้ - สำนักพ
thai,"แต่ไม่มีคำว่า ""รัก"" - ห้องสมุดออนไลน์"
thai,10 อันดับ | ข่าวสาร
thai,หรือเรื่องราวต่างๆ ที่คุณสามารถเข้าใจง่ายๆ และสร้างความรู้ส
thai,- ทิ้งท้ายบทความ | ตัวแทนจำหน่าย สมาร์ทโฟน แท็บเล็ต
thai,ที่เราใช้บ่อยๆ ไม่ว่าจะเป็นการจัดการสิ่งของในห้องครัว
thai,ให้คนอ่านรู้สึกดีทั่วไป - ThaiChat
thai,ทั้งในและนอกบ้าน - 2564
thai,"100 คำ ข้อความตัวอย่าง: ""ผมชอบที่นั่งรอร้านอาหาร"", """
thai,30 ข้อ
thai,"1. ตอนเช้า: ขับรถไปทำงาน, ซัลเฟทสบู่, รดน้ำผม"
thai,2018-10-13 16:59
thai,30 ข้อ - 2564
thai,ทั้งเรื่องความรัก ครอบครัว การงาน และการศึกษา ที่ไม่จำเป็น
thai,ให้เป็นความสุข | เทคนิคการเขียนภาษาไทย
thai,| ทีเด็ดฟุตบอล
thai,10 ข้อ - สรุปเนื้อหาของเรื่อง
thai,25-300 คำ - ข่าวสาร
thai,50 ข้อความ - ทิ้งระบายอารมณ์
thai,1. ฉันชอบพักผ่อนและทำอะไรที่ดีต่อสุขภาพ
thai,15 ประโยค
thai,ที่ไม่ต้องใช้คำพิเศษหรือเครื่องหมายอะไรเลย แต่ควรจะเน้นความ
thai,2021 | รู้เรื่องราวเกี่ยวกับการสร้างและใช้เว็บไซต์เพ
thai,100 ประโยค | สร้างความสุขให้กับคนอื่นด้วยการพูด
thai,10 ประโยคที่ควรพูดเสมอ - ข้อมูล
thai,หรือเรื่องราวที่เกิดขึ้นจริง ไม่มีคำศัพท์ระดับ
thai,1. ขับรถทั้งหมดที่ผ่านมา
thai,- ความรู้เพิ่มเติม
thai,สวัสดีค่ะ/ครับ ข้าพเจ้า ต้องขอขอบคุณท่าน ที่ได
thai,100 ข้อ | นักเขียน
thai,สำหรับผู้ที่ต้องการเรียนรู้และปรับตัวอย่างรวดเร็วในสภาพแวด
thai,หรือการใช้ชีวิตทั่วไป
thai,ที่ใช้ได้จริง
thai,300 คำ
thai,10 ประโยค - สร้างแรงบันดาลใจ
thai,ที่มีความหมาย - 7784295
thai,10 ข้อความ - บ้านและสวน
thai,| วิจัยเกี่ยวกับการเรียนรู้และการสอน
thai,30 ข้อความ ภาษาไทย - ความคิดเห็นทั่วไป
thai,ทั้งเรื่องการเรียน การทำงาน การออกกำลังกาย และความสุขภาพ ให้เป็น
thai,"ที่คุณต้องการให้คนอื่นรู้ อย่างไรก็ตาม, โปรดทราบว่าฉ"
thai,| หัวข้อ: การ์ตูน
thai,หรือเรื่องราวในชีวิตที่คุณเคยประสบมา ให้เป็นรูปแบบของ
thai,10 ประโยค - สร้างสรรค์
thai,- 78592
thai,1. ทุกวันนี้ผมทำงานเสร็จแล้ว ผมจะไปทานอาหารเย็นกับพ่อแม่
thai,ทั้งการเรียน การทำงาน และความรัก - Page 2 of 3 - ข้อสอบสุดมัน
thai,- ความรู้ ความคิดเห็น สาระน่ารู้
thai,1. ฉันจะทำงานทั้งวัน คุณจะทำอะไรในตอนเช้า?
thai,| รีวิวสินค้าออนไลน์ ของแต่ละบริษัท
thai,ทั้งเรื่องความรัก การทำงาน การศึกษา หรืออะไรก็ตามที่คุณต
thai,30 อ่านจบแล้ว
thai,การติดตามข่าวสารทั่วโลก การอ่านหนังสือ หรือเล่มของเรื่องท
thai,"การพัฒนาคุณภาพชีวิต หรือ ""Life Quality"" หมายถึงอะไร? การพั"
thai,"ที่คุณสามารถใช้ได้บ่อยๆ อย่างเช่น ""สวัสดี"" หรือ ""ขอบ"
thai,| คู่มือการเขียน
thai,50 ข้อความ | อ่านเรื่องราวทั่วโลก
thai,ทั้งการเรียน การทำงาน และสิ่งต่าง ๆ ที่เกิดขึ้นในชี
thai,| ติม่าทูน
thai,ที่มีประโยชน์จริง ๆ
thai,- คุณภาพของความรู้ที่ดี
thai,- 14 ตุลาคม 2563
thai,"ทั้งเรื่องการทำงาน, การพักผ่อน, อาหารและสุขภาพ, การติดต่อส"
thai,100 ประโยค - 500 เรื่อง | สร้างความสุขทั้งในใจ
thai,ด้วยภาษาไทย
thai,ต้องการให้เป็นคำพูดที่ใช่และเหมาะสม - Pantip
thai,- ทั่วไป | ทั่วโลก
thai,10 ประโยค
thai,- บุญเต็มใจ
thai,10 ข้อความ - เรื่องราวเกี่ยวกับชีวิตของคนในปัจจุ
thai,| ท่องเที่ยว - ทริปท่องเที่ยว
thai,ให้เป็นเรื่องราวที่คุณสามารถอ่านได้ในเวลาที่ไม่ใช่ตอนทำงาน -
thai,ให้เป็นความสุขมากที่สุด
thai,ให้เป็นแบบธรรมชาติ
thai,| ข่าวสารออนไลน์
thai,ที่จะทำให้คุณรู้สึกสดชื่นและมีพลังงานในการทำงาน | สอนการ
thai,100 ข้อ - 50ข้อ - 20ข้อ - 10ข้อ
thai,"| ทุกสิ่งทุกอย่างเกี่ยวกับการศึกษา, การทำธุรกิ"
thai,| ศูนย์การเรียนรู้สังคมศึกษา
thai,| ความรู้ด้านการศึกษา
thai,ที่เราต้องการให้เพื่อนคุณรู้ หรือมีสิ่งใดๆที่
thai,ที่จะทำให้คุณรู้สึกดีขึ้น | สร้างรายได้จากไหน
thai,"ที่คุณสามารถนำไปใช้ได้จริง - พาดหัวข้อ ""การใช้ภาษาอังก"
thai,ทั้งเรื่องการใช้ชีวิต การทำบุญตักทาน และความรู้สึกของ
thai,| สร้างสรรค์ด้วยภาษาไทย
thai,1. ฉันชอบที่เราต้องการใช้เวลาอยู่ร่วมกันมากกว่าที่จะพ
thai,หรือสิ่งที่ต้องการจะบอกให้ผู้อื่นทราบ
thai,50 ข้อ - บทความภาษาไทย
thai,ที่ไม่ได้คิดอะไรมากเกินไป
thai,50 ข้อ | ความรู้สึกดีๆ ของคน
thai,100 ประโยค - 2563
thai,หรือการงาน - คุณภาพดีที่สุด
thai,ที่มักจะใช้ในชีวิตประจำวัน - ความรู้เรื่องภาษา
thai,| สร้างความสำเร็จในชีวิต
thai,การเขียนประโยคที่ง่ายและเป็นธรรมชาติในการใช้ชีวิตประจำวันสามารถทำให
thai,| ความรู้
thai,"ดังนี้ : ""มันเป็นที่สุดท้ายของผม"" หรือ ""ไม่มีอะไรเกิด"
thai,หรือเรื่องราวในชีวิตประจำวัน
thai,สำหรับผู้หญิงทุกวัย - บทความต้นขั้นตอนการสร้างเว็บไซต์
thai,หรือเรื่องราวที่คุณชอบ - 77 สอนภาษาไทย
thai,- 123456789
thai,- ข้อความทั้งหมดของคุณในเว็บไซต์นี้จะถูกใช้เพื่อ
thai,เริ่มต้นด้วยคำนำที่เป็นสัญลักษณ์ของความรู้สึกที่
thai,10 ข้อ - ข่าวสารออนไลน์
thai,ที่บ้าน | ความคิดเห็นจากคนทั่วโลก
thai,ให้ดูน่ารักๆ สำหรับเด็กๆ | สอนการเขียนภาษาไทย
thai,- ทักษะภาษาอังกฤษ
thai,ให้เป็นความรู้สึกของคนที่อยู่ในสถานการณ์นั้น ๆ - ThaiTalk
thai,สำหรับเด็กอายุ 1-3 ปี - ข้อมูลทั่วไป | วิทย
thai,"ไม่ต้องยาวมากนะครับ อยากให้เรามาลองทำดู อย่างเช่น ""การไปเท"
thai,หรือเรื่องที่เกิดขึ้นในช่วงเวลานี้
thai,ต้องการให้เป็นภาษาไทย - ท่านผู้อ่าน
thai,ให้เป็นความคิดสร้างสรรค์
thai,| วิธีการสร้างความสำเร็จในชีวิต
thai,ต้องการให้เป็นคำแนะนำและข้อเสนอแนะ
thai,ด้วยภาษาไทย - ความคิดเห็นจากผู้ใช้งาน
thai,ทั้งในและนอกสถานที่ทำงาน
thai,ที่ต้องการให้คนอื่นเข้าใจและรับรู้ 10 ข้อ
thai,หรือเรื่องราวที่คุณชอบ
thai,| คุณภาพการศึกษา
thai,20 ประโยค 19 มิถุนายน 2563 - สำนักพิมพ์
thai,แบบไม่ต้องมีทักษะการเขียนสูง
thai,- ท่านพี่ปั้น
thai,5 ข้อความ - เนื้อหาทั้งหมดที่คุณต้องรู้เกี่ย
thai,สำหรับคนที่ไม่ค่อยมีเวลาในการทำแบบนี้ แต่ต้องการความรู้สึก
thai,3 ข้อความ 2019
thai,หรือทิปส์ที่ดี ๆ
thai,"- ความรู้สึก, จิตใจ | ทุกเรื่องราวดีๆ"
thai,หรือความรู้สึก - การเรียนรู้
thai,ทั้งการเรียน การทำงาน หรือแม้กระทั่งการใช้ชีวิตประจำวัน
thai,สำหรับผู้ที่กำลังเริ่มต้นใช้ภาษาไทย | ความรู้เกี่ยวก
thai,ที่คุณต้องการให้ผู้อ่านรู้จัก - นิสิตข่าว
thai,"ตัวอย่าง: ""เช้าขึ้นมาเห็นว่า... """
thai,หรือเรื่องที่เราต้องการสร้างความคิดสร้างสรรค์ได้ - นักเขียน
thai,คุณภาพสูงที่จะทำให้คุณต้องรู้สึกดีและมั่น
thai,ที่น่าสนใจและเป็นประโยชน์ สำหรับคนในท้องถิ่น 5.4KB
thai,2019-03-14
thai,สำหรับผู้เริ่มต้น | สอนภาษาไทย | คุณภาพ ทั้งนิด
thai,สำหรับผู้ที่อยากใช้ภาษาไทยให้ดูง่ายขึ้น - หัวใจของความ
thai,ต้องการให้เป็นแบบที่สามารถสื่อสารได้ง่ายๆ เช่น การเรียกรถหรือขอ
thai,50 ประโยค | ข้อความน่ารักๆ หรือที่จะใช้ในชีวิตประจำ
thai,1. ฉันทำงานที่บ้านตลอด
thai,ไม่ต้องซับซ้อน แต่สามารถใช้ได้จริง | ความรู้ทั่วไป
thai,500 ข้อความ
thai,หรือข้อความที่คุณต้องการให้เข้าใจถึงจุดมุ่งหมายของค
thai,ให้เป็นข้อความยาวที่ไม่เกิน 50 คำ ถ้าทำได้มากกว่านั
thai,1. ถ้าคุณสามารถทำสิ่งนี้ได้ในช่วงเวลา 30 นาท
thai,สำหรับผู้ชาย ไม่ต้องคิดมากนะ แต่มั่นใจในตัวเอง
thai,| ความรู้ใหม่ล่าสุด
thai,| สร้างแรงบันดาลใจ
thai,- บ้านเรือน
thai,- นิยายออนไลน์
thai,| บุญทั่วโลก
thai,ที่คุณสามารถนำไปใช้ในสิ่งที่ต้องการ รู้จักเรียบเรียงคำ
thai,ที่คุณต้องการให้ฉันเขียน อย่างไรจะดี
thai,ที่เป็นส่วนหนึ่งของชีวิตเรา การทำงาน ครอบครัว ความรัก และการเร
thai,การจัดการงานในชีวิตประจำวัน ต้องมีความรู้สึกทั้งใจด
thai,1. คุณมีความสุขไหม?
thai,ทั้งเรื่องราวส่วนตัว และประสบการณ์ ไม่จำเป็นต้องมีเนื
thai,500 คำ - ข่าวความรู้ | เรื่องราวน่าสนใจ
thai,5 ข้อ - มิสแกรนด์ประเทศไทย
thai,| สร้างประสบการณ์ด้วยความรู้และความสุข
thai,30 ข้อ - สุขภาพดี
thai,ไม่มีเนื้อหาที่ซับซ้อน - สร้างความรู้สึกสบายใจให้คนอ
thai,สำหรับคุณพ่อคุณแม่ - 2563
thai,ที่คุณสามารถใช้ได้ในวันที่ต้องการ - Page 2 of 18 - สร
thai,- คุณภาพของความรู้
thai,1. ฉันทำงานทุกวัน ตลอดเวลาที่สามารถทำงานได้
thai,50+ - ทีนิดต่อนั่นเอง | ข่าวด่วนทั่วไทย
thai,1. ฉันจะทำอะไรบ้างในวันนี้?
thai,แบบเรียบง่าย - ทั่วไป
thai,100 ประโยค - ความรู้เรื่องการเขียนภาษาไทย
thai,สำหรับคนที่มีครอบครัว - เรียนภาษาอังกฤษฟรี
thai,| ทุกเรื่องราวเกี่ยวกับการเรียนรู้
thai,ทั่วไป หรือการเริ่มต้นใหม่ ให้เป็นภาษาอังกฤษ - ข
thai,| ห้องสมุดออนไลน์
thai,ที่ต้องใช้การคิดของเรามาขัดแย้งกันให้มากที่สุด 1
thai,| ทำนองเพลงไทย
thai,| ความรู้เรื่องการแต่งตัว
thai,- ข้อมูลนักเรียน
thai,หรือ หัวข้อที่เกี่ยวข้อง - ถามตอบ
thai,| ดูนิยายฟรีออนไลน์
thai,ต้องการให้เป็นภาษาไทย - 2563 - คุณภาพดีที่สุด
thai,ทั้งเรื่องการเดินทาง การทำงาน และความรู้สึก - ครูบ้านนอกดอท
thai,หรือความฝัน ดูเหมือนจะไม่ยาก แต่มันอาจจะเป็นสิ่งที่เราไม
thai,หรือทุกข์สุขในชีวิตทั่วไป
thai,10 อัลบั้ม | สร้างความสุขในชีวิต ด้วยการเขียนค
thai,| ทั่วโลก
thai,ต้องการให้คุณอ่านและสร้างแรงบันดาลใจ - มัธยมศึกษาป
thai,| ดูความคิดเห็นของผู้ใช้ทั่วโลกเกี่ยวกับบทความนี้
thai,ไม่ยาวเกิน10 คำ - ถามตอบ คุณภาพดี
thai,50 ข้อ - GotoKnow
thai,หรือเรื่องราวที่น่าสนใจ - ข่าวสด
thai,10000 ประโยค - ทุกเรื่องมีคำตอบ
thai,ที่คุณอาจรู้สึกเหนื่อยล้า - ข้อมูลการศึกษา
thai,10 ประโยค | Blog
thai,- นักเขียนที่มีความรู้สึกต่างจากคนอื่น
thai,"1. ""ฉันชอบพักผ่อนตอนกลางคืน"""
thai,| ความรู้การพัฒนาภาษา
thai,50+ ทุกวัน - มั่นใจว่าจะทำให้คุณมีสติส
thai,ทั้งเรื่องการเรียน การทำงาน และความรัก แบบไม่ลากยาวมากเกินไป
thai,ที่ใช้บ่อยๆ | สร้างสรรค์
thai,ทั้งเรื่องการเรียน การทำงาน การใช้ชีวิต หรือกระทั่งเรื่อง
thai,หรือการเริ่มต้นใหม่
thai,500 คำ | คู่มือการเรียนภาษาอังกฤษ
thai,สวัสดีครับ ค่ะ ผมมีงานที่ต้องทำงานอยู่ที่บ้านและใช้เวลาเป
thai,สำหรับผู้ที่มีเวลาจำกัด
thai,| ศิลปะการเขียน
thai,| คุณภาพดี ราคาถูก
thai,| ทำให้คุณมีความสุข
thai,10 อัพเดทล่าสุด - NanaNana
thai,ไม่ต้องมีความคิดเห็นที่ยากเกินไป
thai,แบบไม่รู้ตัว | บล็อกนักเขียน
thai,20 คำ - GotoKnow
thai,ด้วยภาษาไทย - สินค้าทั่วไป - คลังความรู้
thai,ทั้งการเดินทาง ทำงาน หรือแม้กระทั่งเรื่องราวส่วนตัว |
thai,| ทีมงานอัพเดตสารสนเทศ
thai,2021 - ทำบุญออนไลน์
thai,ที่เป็นเรื่องราวทั่วไป | ศูนย์รวมความรู้เกี่ยวกับ
thai,หรือเรื่องที่คุณสนใจ - 2021
thai,| ต้นฉบับใหม่ของคุณ
thai,หรือ วิธีการแก้ไขปัญหาในชีวิต หรือ ข้อคิดเห็น
thai,2018 | สอนทำบัญชี
thai,- สร้างแรงบันดาลใจให้ท่านได้
thai,- สร้างแรงบันดาลใจให้ตัวเองและคนอื่นๆ
thai,1. ช่วงเวลาที่ดีที่สุดของฉันคือตอนที่ผมอยู่ในสนามแข
thai,ให้เป็นข้อคิดที่ดี - ถาม พบ
thai,ที่คุณต้องการ หรือมีคำถามในช่วงเวลาที่ยากลำบาก
thai,100 ประโยค - เรียนภาษาญี่ปุ่น
thai,- 21/09/2018
thai,1. ชื่อของคุณคืออะไร?
thai,50 ข้อ - สร้างสรรค์และสร้างแรงบันดาลใจ
thai,สำหรับผู้ชาย | www.123tubemovies.com
thai,- หัวข้อ: สร้างความสุขในชีวิต
thai,50 คำ - Siam News
thai,ที่คุณสามารถนำไปใช้ในช่วงเวลาพักผ่อน หรือทำอย่างไรในชีวิต
thai,- ข่าวสาร | ร้านขายสินค้า
thai,สำหรับนักเรียนระดับประถมศึกษา | สร้างความสุขให้ตัวเอง
thai,50 ข้อความ | ความรู้ทั่วไป
thai,ไม่เกิน 100 ตัวอักษร - การเริ่มต้นของชีวิตใหม่
thai,การเขียนประโยคที่เกี่ยวกับชีวิตประจำวันเป็นเรื่องที่ง่าย
thai,| ร้านพัฒนาฝีมือ
thai,| ความรู้ใหม่
thai,ที่ใช้ได้จริง | บทความ ดูหนังออนไลน์ ซีรีย์ ข่าวสาร
thai,สำหรับผู้ที่มีบุตรสาว
thai,- 10 อธิบาย
thai,ทั้งเรื่องการงาน การเรียน การใช้เวลาในแต่ละวัน ฯลฯ ดัง
thai,- วิธีการสร้างความมั่นใจในตนเอง
thai,| สร้างสรรค์ทุกวัน
thai,100 เรื่อง | คุณภาพ ดีมาก
thai,50 ข้อ 2-100 - ข้อที่ 94 | ความคิดเห็นจากผ
thai,- ทักษะการเขียนภาษาไทย
thai,ที่มีความหมาย 10 ข้อ | สัปดาห์นี้เราขอให้คุณทำ
thai,"ทั้งเรื่องการใช้ชีวิต, การทำงาน, ความรัก, และสิ่งท"
thai,หรือเรื่องราวที่เกิดขึ้นจริง ๆ ของคุณ - 2021
thai,หรือสิ่งที่ต้องการอธิบาย | คุณภาพด้านภาษาไทย ทำให้
thai,| ข่าวสาร ความรู้ สาระน่ารู้
thai,หรือเรื่องราวในสังคม
thai,"1. ""ฉันชอบเรียนรู้อะไรที่ใหม่ๆ"""
thai,ทั้งเรื่องราวของคุณ และการใช้ชีวิตที่ดี - 77
thai,หรือสัปดาห์นี้ | ร้านค้าออนไลน์ ขายของออนไลน์
thai,ให้เป็นตัวอย่าง - คุณสามารถเข้าใจได้ว่ามันง่ายที่จะสร้าง
thai,"ทั้งเรื่องการรักษาความปลอดภัยของสินทรัพย์, การทำงาน, และข"
thai,ที่คุณมักจะรู้สึกอิ่มเอมใจ - สร้างความสมดุลในช
thai,2022 - พื้นที่ส่วนตัว ความรู้เรื่องชีวิต
thai,- สร้างความรู้ใหม่
thai,50 ข้อความ - สุขภาพ
thai,ไม่ต้องมานั่งเขียนในภาษาไทยให้ยากๆ แต่มันควรจะทำให้ผู้
thai,หรือเรื่องราวในปัจจุบัน ที่คุณเคยเจอ และให้ความเห็นเก
thai,50 คำ | คู่มือการเขียนภาษาไทย สำหรับผู้เริ่มต้น
thai,แต่ละ句นั้นมีความหมายที่คุณต้องการให้ทราบ - ข้อความสร้าง
thai,ไม่ต้องยาวเกินไป - ดูนิยายออนไลน์
thai,100 ข้อความ | การ์ดออนไลน์
thai,100 ประโยค - 100 sentences about life
thai,| สร้างความสุขให้ชีวิตของคุณด้วยการเขียนเรื่องราว
thai,| สร้างสรรค์ ทำให้คนอื่นประทับใจ
thai,สำหรับเด็กอายุ 5-8 ปี - นิยายแปล
thai,หรือการเรียนรู้ใหม่ ๆ ที่คุณต้องการ - นักเขียนคนเก่ง
thai,50 ข้อ | คณิตศาสตร์
thai,"ทั้งเรื่องความรู้สึก, การดำเนินชีวิต, ความคิดเห็น และข"
thai,"1. ""ฉันต้องทำงานในเวลาที่เป็นคืน"""
thai,| วิธีการเรียนรู้ภาษาอังกฤษ
thai,ที่ไม่ได้ใช้ภาษาอังกฤษ
thai,- หัวข้อที่คุณกำลังมองหา นั่นคือ 10 ประโยคท
thai,หรือวิธีการแก้ปัญหาที่ต้องใช้ภาษาไทย - ถามได้ทุกเวลา
thai,ไม่เกิน 100 คำ
thai,| คุณภาพดีที่สุด
thai,2019-03-27 14:56:38
thai,1. ทุกวันนี้เรามาถึงที่นั่นแล้ว
thai,ทั้งเรื่องการใช้จ่าย การทำธุรกิจ หรือแม้กระทั่งการทำ
thai,หรือเรื่องราวในชีวิตที่คุณเคยประสบ ซึ่งจะเป็นส่วนหน
thai,หรือเรื่องราวที่คุณชอบ - The Daily
thai,10 ข้อความ - ดูแลตัวเอง - นิสิตนักศึกษา
thai,คุณต้องการที่จะหาวิธีในการเขียนประโยคเพื่อสื่อสารให้เข
thai,ที่คุณอาจพบบ่อย ๆ ในปัจจุบัน
thai,1000 คำ - สร้างความสุขในชีวิตด้วยการเขียน
thai,| ศิลปะการต่อสู้
thai,100 ข้อความ - บล็อกการ์ดออนไลน์
thai,หรือการเริ่มต้นใหม่ - Page 3 of 4 - การสร้างแรงบันดาลใจ
thai,ทั้งความรู้สึก และประสบการณ์ที่เกิดขึ้นจริง - 202
thai,1. คุณชอบทานอาหารหรือไม่?
thai,ที่สามารถนำไปใช้ได้จริง - สร้างแรงบันดาลใจ
thai,หรือเรื่องราวที่เกิดขึ้นในช่วงเวลานี้ ให้มีความหมายถึง
thai,ไม่ซับซ้อน และสื่อสารได้ - Page 2 of 3
thai,10 ข้อ | บทความเรื่องการศึกษา
thai,ที่คุณอาจต้องใช้บ่อย ๆ - ฟิล์มแกรนด์ ประเทศไทย
thai,"| รูปภาพ, บทความ, ท่องเที่ยว, ทัศนคติ, ความรู้"
thai,หรือการเรียนรู้ | สอนภาษาอังกฤษออนไลน์
thai,หรือทั่วไป - ข้อความภาษาไทยสำหรับผู้ชาย
thai,- 16 ตุลาคม 2563 - ข่าวสด
thai,ที่คุณสามารถทำได้ทุกวัน - 530741
thai,1. ฉันทำงานทุกวันตั้งแต่เวลา 8:00 น. เป็นเวลา
thai,- ความรู้เกี่ยวกับการเรียนรู้
thai,10 ประโยค - วิธีการเขียนเนื้อหา
thai,ที่คุณรัก ดูแลและสนับสนุนตัวเอง | บล็อกการศึกษา
thai,| ข่าวสารออนไลน์ทั้งหมด
thai,สำหรับนักเรียน | SiamNaraphon.com
thai,- คุณภาพ ติดตามข่าวสารได้ทุกวัน
thai,หรือเรื่องราวในชีวิตทั่วไป | สอนภาษาอังกฤษฟรี
thai,500 แบบ - อัพเดทล่าสุด 2021 | สร้างแรงบันดาล
thai,ที่จะช่วยให้คุณสร้างความรู้สึกที่ดีในตัวเอง - นิ
thai,ที่เป็นเรื่องราวที่คุณอาจจะรู้จักหรือเคยเจอมาแล้ว
thai,- ทีนิวส์
thai,- บล็อกทั่วไป
thai,| สร้างสรรค์ ความหมาย เพื่อสุขภาพจิต
thai,- สร้างความรู้ใหม่ด้วยการเรียนรู้ทุกวัน
thai,- คุณภาพดีที่สุด
thai,15 ข้อความ
thai,ทั้งในส่วนตัว และเรื่องราวของผู้อื่น
thai,คุณสามารถเขียนข้อความที่ง่ายดายและสื่อสารได้ถูกต้อง ดัง
thai,| คุณภาพของบทความนี้มีข้อมูลเกี่ยวกับการเขียนประโยคง่ายๆ ที่
thai,หรือเรื่องที่คุณสนใจ | สร้างความสุขให้ตัวเอง
thai,หรือเรื่องที่คุณชอบหรือรู้สึกอยากกล่าวถึง - ฟิลเลอร
thai,หรือทั่วไป
thai,ที่จะทำให้คุณได้รู้จักตัวเองมากขึ้น - ห้องเรียน
thai,ที่น่าสนใจ | การเขียนภาษาอังกฤษ
thai,- ท่านพิมพ์เอง | ท่านพิมพ์เอง
thai,| ข้อความเรื่องชีวิตที่ง่ายๆ
thai,- บ้านและสวน
thai,ไม่ต้องรู้เรื่องทุกอย่าง | SiamNews
thai,300 คำ ทั้งหมด
thai,- สรุปเรื่องการเขียนภาษาอังกฤษ
thai,ที่มักจะใช้เป็นพื้นฐานการสร้างความรู้สึกในตนเอง หรือติด
thai,| ความรู้เรื่องการเรียนการสอนภาษาอังกฤษ
thai,ทั้งในส่วนของเรื่องความรู้ หรือการปรับตัวให้ดียิ่ง
thai,| บล็อกนี้เป็นเรื่องราวของฉันเอง
thai,แบบไม่รู้ตัว | สุขภาพ
thai,ดังนี้: 1. มีความสุขที่ได้ทำงาน
thai,ที่มีประโยชน์ - ส่งเสริมการศึกษา
thai,สำหรับนักเรียน - Page 16 of 30 - เรียนภาษาอังกฤษออนไลน์
thai,500 ตัวอย่าง - ห้องข้อสอบ
thai,ชื่อกระทู้: บทเรียนจากสัตว์ป่าและน้ำตก
thai,หรือสิ่งที่คุณชอบ | Blogspot
thai,1. ฉันชอบทำอะไรในช่วงเวลาว่างๆ
thai,"100 ข้อ | ทำนองของ ""การสร้างความสำเร็จ"" - บทความสั้น"
thai,แต่ต้องเป็นรูปแบบภาษาไทย
thai,| บทความด้านการศึกษา | สาระน่ารู้
thai,ให้เป็นข้อคิด | พูดคุยกับตัวเอง
thai,50 ประโยค - มิกซ์พิน
thai,ที่คุณสามารถเขียนได้ในไม่เกิน 5 บรรทัด | ความรู้
thai,2021 - 2022 - สำนักงานเขตพื้นที่การศึกษาประถ
thai,| บทความ
thai,- วิทยาศาสตร์
thai,| สร้างความสุขทั่วโลก
thai,50 ประโยค 2019 - 47ข้อความน่ารักๆ ที่ใช้ในช
thai,2021 - 7Mins
thai,หรือการเริ่มต้นใหม่ | ความรู้ด้านอื่น ๆ
thai,"ดังนี้ : ""ข้าพเจ้าอยู่ที่ไหน"" และ ""ขอความช่วยเหลือจากคนอื่"
thai,สวัสดีค่ะ ชื่อฉันคือ [ชื่อจริง] ท่านเป็นคนที่
thai,ที่จะทำให้คุณรู้สึกดี นั่งอยู่บนโซฟาในห้องนอน
thai,แต่ให้ความรู้สึกดีขึ้น - ทิปแบ่งปันความรู้
thai,"ทั้งเรื่องการทำงาน, การใช้ชีวิต, การติดตามความคิดเห็นและมุม"
thai,| คู่มือการเรียนภาษาอังกฤษ สำหรับนักเรียน ทุกวัย
thai,10 ข้อ - อินทิรา ลูนห์ | ความรู้ส่วนบุคคล
thai,| สร้างสรรค์ด้วยการเขียน
thai,50 ข้อความ - คู่มือการเรียนภาษาอังกฤษ
thai,ให้ท่านอ่านและทำตามได้ - นิสิตรักบ้านเกิด
thai,10 ข้อ - บทความสุขภาพ
thai,ให้เป็นส่วนตัว | ความรู้ด้านการศึกษา
thai,- ทั่วไป | ข่าวและบทความเกี่ยวกับการสร้างสรรค์งานศิลปะ
thai,หรือเรื่องราวของคุณ - เว็บไซต์ที่จะทำให้คุณรู้จ
thai,"1. ""ฉันชอบที่นี่เพราะมีอะไรที่ทำให้ฉันรู้สึกผ่อนคลาย"
thai,ที่เราสามารถนำไปใช้ได้จริงในชีวิตประจำวัน | พูดภาษาอังกฤษให
thai,หรือความรู้สึกของตัวเอง | The Best Essay Writer
thai,ที่คุณสามารถใช้ได้ทุกวัย - Nana's
thai,"ไม่ต้องยากมากนะครับ ลองทำดู 1. ""ฉันชอบรับประทานอาหารทุกว"
thai,ทั้งการเรียน การทำงาน การอยู่ในครอบครัว หรือทุกวิชาที่คุณ
thai,ให้ผู้อ่านติดตาม
thai,ที่เราสามารถนำมาใช้ได้จริง - ความรู้ทางด้านภาษาไทย
thai,| ข้อมูลการเรียนรู้ที่ดีที่สุดเกี่ยวกับภาษาไทย
thai,2019 | Blog
thai,ที่ง่ายต่อการคิดและเข้าใจ ไม่ซับซ้อนมากนัก แต่มีความหมายท
thai,| ข้อความที่ดี
thai,แบบง่ายๆ - 2564 | สรุปข่าว
thai,100 อัพเดต - Page 2 of 3
thai,สำหรับผู้ที่ต้องการหาเงินออนไลน์ - สมาร์ทวิทยา
thai,ขอให้คุณอ่านและรู้สึกผ่อนคลาย แต่ไม่ว่าจะเป็นเรื่อง
thai,ที่ใช้ได้จริง - คุณภาพและเนื้อหา
thai,| ติดตามความคิดเห็นของนักเรียนคนอื่น
thai,ทั้งเรื่องความรัก การทำงาน การศึกษา และการใช้ชีวิตในสังคม
thai,2021 | บทความเกี่ยวกับการเรียนรู้
thai,| ข่าวเกี่ยวกับการสอนภาษาอังกฤษ
thai,| ทั่วไทยออนไลน์
thai,แบบไม่ต้องใช้คำยากๆ - ความรู้ใหม่ทุกวัน
thai,หรือเรื่องทั่วไป | ข่าวสารออนไลน์ 24/7
thai,ทั้งการเรียนรู้ การทำงาน การพักผ่อน หรือสิ่งที่เกิดขึ
thai,30 ประโยค - 2021
thai,หรือการใช้ชีวิตในวันนี้ - คุณภาพดิจิตอล
thai,30 ประโยค | ความรู้เพื่อทุกคน
thai,| ศูนย์เรียนรู้การจัดทำเนื้อหาและบทความเพื่อช่วยเหลือผ
thai,2021 | สร้างบุคลากรที่ดี
thai,250 ประโยค - 2
thai,การเรียนรู้และทำบุญ
thai,ไม่ยาวเกิน 10 บรรทัด
thai,- 78291
thai,50 ประโยค แบบง่ายๆ | The Blog
thai,- ครูบ้านนอก
thai,| สร้างบุคคลที่ดี
thai,- ข้อความน่ารักๆ ที่คุณสามารถใช้ในขณะที่เรื่องราวของคุ
thai,ที่ดูง่าย แต่ไม่มีความหมาย
thai,- 2018
thai,- ข่าวสาร ความรู้เกี่ยวกับการเรียนรู้ การทำธุรกิจ และความรู้
thai,| ดูแลตัวเอง
thai,"เริ่มต้นด้วย ""สวัสดีค่ะ"" หรือ ""ข้าว mat สุขภาพ"
thai,ทั้งในบ้านและนอกบ้าน | สร้างความรู้ด้านการเรียนรู้ของคุณเอง
thai,"| ดูดวง, เทคนิคการเล่นไพ่ และเกมส์"
thai,- สร้างสรรค์ จุฬาลงกรณ์มหาวิทยาลัย
thai,ให้เป็นสุขภาพจิตดี | สร้างบุคคล
thai,100 ประโยค | www.kaowat.com
thai,- สำนักงานการศึกษาธิคุณ จ.กาญจนบุรี
thai,- นักเรียน หรือผู้ใหญ่ | Ask & Answer
thai,| ข่าวสาร
thai,| สร้างสรรค์สื่อสารกับเพื่อนๆในกลุ่มทั้งหมด
thai,หรือเรื่องทั่วไป สำหรับผู้ใช้ Facebook - ข่าวสารออนไลน์
thai,100 ข้อ - คุณภาพดีที่สุดของบทความนี้จะให้คำแนะนำเกี่
thai,ที่ต้องทำอย่างไร ถ้ามีเวลาพักผ่อน - ถาม พบ
thai,ขอโทษ แต่ต้องการให้คุณกรอกข้อมูลเพิ่มเติมเพื่อท
thai,| ความรู้เพื่อสุขภาพดี
thai,10 ข้อความ | ท่องเที่ยว
thai,ขอให้ผมช่วยเติมตัวอักษรที่เหลือ สำหรับประโยคที่ต้องการ
thai,| สร้างความสุขในชีวิตของคุณด้วยการเขียน
thai,1. ชีวิตเป็นสิ่งที่เราทำให้เป็นอย่างไร? (What is life
thai,"ให้เป็นข้อคิดที่มีประโยชน์ 1. ""เมื่อต้องการความสำเร็จ"
thai,- คุณภาพของคน
thai,ไม่เกิน 10 คำ | เรียนภาษาไทย
thai,15 ประโยค สำหรับคนทำงาน
thai,10 ข้อ - พูดคุยกับคนอื่นได้ทุกวัน แต่ไม่ได
thai,ให้คนอ่านรู้สึกดี ไม่เครียด - The Happy Writer
thai,สำหรับนักเรียน
thai,1. จุดเด่นของคุณคืออะไร?
thai,50 ข้อ - บทความทั่วไป
thai,| ท่องเที่ยว | เทคนิคการเล่นพนันออนไลน์
thai,สำหรับผู้ที่ต้องการให้สื่อสารง่ายขึ้น
thai,| ความรู้เกี่ยวกับการศึกษา
thai,10 ข้อ - สรุป
thai,ชื่อกระทู้: คำศัพท์ใหม่ ๆ
thai,หรือสิ่งที่เกิดขึ้นในวันนี้ | Blog
thai,- 77 ข้อความ
thai,หรือเรื่องราวทั่วไป - ถาม พบแพทย
thai,ให้สั้นและน่าสนใจ - สร้างความรู้ที่ดี
thai,50+ แบบง่ายๆ อ่านได้ทุกวัย - วิกิพีเดีย
thai,หรือเรื่องราวในปัจจุบัน
thai,1. ข้าพเจ้าชอบที่จะทำอะไรเพื่อความสุข
thai,100+ คำ - บุ๊คส์ เรื่องเล่า
thai,หรือเรื่องราวที่เกิดขึ้นได้ไม่ยากเลย แต่การเข้าใจและใช
thai,- วิธีการสร้างและจัดทำเว็บไซต์
thai,| สร้างความสุขในชีวิตของคุณเอง
thai,100 เรื่อง (Part 3) - ขั้นสูง ป.6 ครับ
thai,ที่ดูง่าย แต่ใช้ได้จริง - วิจารณ์
thai,1. ฉันชอบข้าวอร่อย ๆ และอาหารไทย.
thai,ที่คุณต้องการให้คู่รักของคุณรู้
thai,หรือการเริ่มต้นใหม่ | เรียนภาษาไทย ฝึก口语 ฟังซ้ำ 10
thai,"""เมื่อคุณรู้สึกเหนื่อยล้า ให้หาความสดชื่นในห้องน"
thai,| ท่องเที่ยว - ดูดวง - ความรู้ - งานอดิเรก
thai,หรือความฝันของคุณ
thai,ที่สามารถนำไปใช้ได้จริงในสถานการณ์ต่าง ๆ | ข้อมูล ทั่วไป
thai,1. ข้าพเจ้าจะต้องไปทำงานในวันนี้.
thai,| สาระ
thai,"ทั้งเรื่องงาน, เรื่องครอบครัว, เรื่องการใช้ชีวิตใน"
thai,ที่ใช้ได้จริง - การเขียนเนื้อหาเพื่อการสื่อสาร สำหรับ
thai,"ที่สามารถนำมาใช้ในชีวิตประจำวันได้ เช่น การทำงาน, การเรียน, หรือการ"
thai,1. ฉันต้องการข้อมูลเพิ่มเติมเกี่ยวกับการท่องเที่ยว
thai,ทั้งนี้เป็นข้อความที่มีความสนุกและสามารถสื่อสารได้ง่ายๆ
thai,| ดูหนังออนไลน์ฟรี
thai,10-20 คำ
thai,ทั้งเรื่องการใช้อุปกรณ์ต่างๆ เช่น โทรศัพท์มือถือ
thai,"50 ข้อความ - บทความทั้งหมด 14,378 รายการ | โพสต์"
thai,1. ฉันชอบทานอาหารที่อร่อย ๆ และมักจะเลือกทานอาหารจากประเทศที่ผมไปเย
thai,ที่น่าสนใจ | SiamMentor
thai,| ดูทุกอย่างเกี่ยวกับการเรียนรู้ภาษาไทย
thai,ให้เป็นภาษาไทย - ความรู้ใหม่ล่าสุด
thai,- ความรู้สึกของมนุษย์
thai,1. คุณชอบอะไรในชีวิตประจำวันบ้าง?
thai,- คุณสมบัติของคนในชีวิต
thai,- สร้างความสุขให้ตัวเอง และคนอื่น
thai,10 ข้อ
thai,"1. ""I'm just trying to get by."""
thai,2564 - มุมมองทั่วไป
thai,- ข้อความทั่วไป
thai,50 คำ - ร้านค้าออนไลน์ทั่วโลก
thai,- ข้อความสุภาพ
thai,15 - 20 คำ - คุณภาพสูง
thai,ให้เป็นการอภิปรายความรู้สึก | การ์ดออนไลน์
thai,- สร้างความมั่นใจ
thai,ที่น่ารักและดีขึ้น - สำหรับผู้เริ่มต้น | บ
thai,- 2018-05-24
thai,สำหรับนักเรียน หรือ นักศึกษา | ความรู้เกี่ยวกับการสอนภาษา
thai,- ครูมิสทิรา
thai,ทั้งเรื่องราวความรัก ความรู้สึกของคนต่างชาติ หรือแม้
thai,ที่เป็นเรื่องส่วนตัว - 2022
thai,ทั้งเรื่องความรู้สึก การทำงาน งานอดิเรก และเรื่องราวต่างๆ |
thai,| คู่มือการเขียนภาษาไทย
thai,ทั้งเรื่องราวในปัญหา และความสำเร็จของคุณ ให้เป็นส่วน
thai,ให้คนอ่านเข้าใจ - สำนักพิมพ์จันทร์คุณภาพ
thai,1. ฉันชอบทุกอย่างของชีวิตในตอนนี้.
thai,ทั้งเรื่องความรู้สึก การทำงาน การเรียน หรืออะไรที่เกี่ยวข้องก
thai,| บล็อกเกอร์ นักเขียน
thai,| บุคคลน่ารัก ๆ
thai,1. จันทร์นี้ฉันจะเริ่มต้นการทำงานใหม่ว่าด้วย
thai,50 ข้อ - สุขภาพดี 168
thai,- ขั้นตอนการสร้างเว็บไซต์ | SEO-SEO
thai,50 ประโยค - สรุป 50 ประโยค
thai,สำหรับคนที่กำลังจะเริ่มต้นงานใหม่ - สมัครเล่นสล็อ
thai,| ความรู้เรื่องการเงิน
thai,ทั้งเรื่องราวในสังคม และความรู้ด้านต่างๆ ที่เกี่ยวข้อง
thai,5 ข้อความ | ข้อมูลการเรียนรู้
thai,| สรุปข้อมูลทั้งหมดเกี่ยวกับการเขียนบทเรียน 2023
thai,100 คำ
thai,ที่มักจะเป็นเรื่องสุขภาพ การออกกำลังกายและการพักผ่อน - เว็บ
thai,- ทั้งหมด
thai,หรือความรู้สึกที่ต้องการแชร์ ถ้ามีอะไรใหม่ๆ อยากให้คน
thai,| บ้านและสวน
thai,ที่คุณสามารถใช้ได้ในสถานการณ์ต่างๆ | อัพเดทข่าวสารใหม่
thai,ให้คนอื่นฟัง
thai,| ข้อความสุขภาพ
thai,- คริสตจักร
thai,ทั้งเรื่องการใช้ภาษา และคำศัพท์เฉพาะของไทย - บล็อก ร
thai,15 ข้อ - บทความการเรียนรู้ภาษาอังกฤษ
thai,หรือเรื่องราวที่เกิดขึ้นในช่วงเวลานี้
thai,ขอให้คุณเข้าใจถึงความรู้สึกและความคาดหวังของคุณ ดังนั
thai,| ดูหนังออนไลน์ฟรี ดูหนังใหม่ออนไลน์ ดูหนังชนโรง
thai,ให้คุณสามารถอ่านได้ง่ายๆ | พจนานุกรม สำหรับผู้เริ่มต
thai,| ข้อความดังทุกยุคทุกสมัย
thai,30 ประโยค - บทความ
thai,- วิธีการจัดการความเครียด
thai,- 1000+ ข้อความง่ายๆ ที่คุณต้องการ
thai,หรือเรื่องทั่วไป | สร้างความสุขด้วยการเขียน
thai,50 ประโยค - วิธีการเขียนสติกเกอร์และอัปเดตข้อมูล
thai,| คุณภาพสูงของบริการของเรา
thai,ที่คุณต้องการให้คนอื่นรู้ - สอนทำบัญชี
thai,"ทั้งการใช้ชีวิต, การทำงาน, การพักผ่อน, และความรู้สึก -"
thai,| คุณภาพของความรู้ที่มีอยู่ในใจเรา
thai,ด้วยภาษาไทย - น้องบุ๋ม
thai,หรือเรื่องราวที่เกิดขึ้นในช่วงเวลาเดียวกัน
thai,ให้เป็นข้อความที่สนุกและกระฉูดสุดๆ - โพสต์ทูเด
thai,สำหรับคนทั่วไป - ศิลปะการเขียน
thai,50 ประโยค - Siam English School
thai,500 ประโยคภาษาไทย | PDF | ภาษาไทย | เรื่องราว
thai,| สรุปข้อมูลที่เกี่ยวข้องในเรื่อง วิธีเขียนแบบคำนี้
thai,ไม่ต้องมาก่อน ดังนี้ 1. มีอะไรใหม่ ๆ ที่เกิดขึ้น
thai,สำหรับนักเรียน - วิจัยด้านภาษาไทย
thai,| ร้านน่ารู้
thai,10 ประโยค - ข่าวด่วนล่าสุดทั่วไทย
thai,15 ข้อ
thai,1. ตอนเช้า ฉันขับรถส่งลูกไปโรงเรียน
thai,50 ข้อความ | www.3778.com
thai,50 ข้อความ - สำนักงานเครือข่ายการศึกษาออนไลน์
thai,ที่ใช้บ่อยๆ - ศูนย์การเรียนรู้ทางด้านภาษา
thai,ให้เป็นการสื่อสารที่ดียิ่งขึ้น - NanaNoo.com
thai,| ความรู้ทั่วไป
thai,| ทุนการศึกษา
thai,ที่มักจะทำหรือเจอ แต่ไม่ค่อยรู้จักว่ามันเกิดขึ้
thai,- ความรู้และเทคนิคที่จะทำให้คุณประสบความสำเร็จในชีวิต
thai,- ที่นี่มีข้อมูลเกี่ยวกับการเรียนรู้
thai,แต่ที่สำคัญเป็นการฝึกสมอง ด้วยการสร้างสรรค์ใหม่ ๆ
thai,50 ข้อความ พร้อมภาพและอธิบาย - คุณภาพดีที่สุด สำ
thai,- บล็อกนักเขียน
thai,ทั้งการเรียน งาน หรือการสื่อสาร ก็สามารถนำไปใช้ได้ในบทนี้
thai,ทั้งเรื่องสุขภาพ การทำงาน ครอบครัว และการเงิน
thai,หรือเรื่องราวในปัจจุบัน | วิธีทำเงินจากอินเทอร์
thai,ที่มักจะพบเห็นอยู่บ่อยครั้ง
thai,| ข่าวสารออนไลน์ ทั่วโลก
thai,"ทั้งความรู้สึก คิดถึง, สิ่งที่ทำให้เกิดความรู้"
thai,50 ข้อความ - คำคมออนไลน์
thai,ทั้งเรื่องความรัก การทำงาน หรืออะไรที่คุณต้องการ ให้ผมด
thai,| สร้างความสุขให้ชีวิต
thai,ทั้งเรื่องการใช้เวลา การทำงาน การรักษาสุขภาพ และสิ่งอื่น
thai,10-25 ประโยค - 77 สื่อการเรียนรู้
thai,ไม่จำเป็นต้องเน้นความคิดเห็น
thai,- ร้านค้าออนไลน์
thai,50+ แบบไม่รู้ตัว - ทุกเรื่องมีคำตอบ
thai,การเริ่มต้นของวันใหม่ ทุกวันนี้เป็นที่ที่เราสามารถสร้าง
thai,ที่ 10 - 15 ข้อ | วิธีการสร้างความสำเร็จในชีว
thai,- นักศึกษาทุกคน
thai,ไม่ยาวเกิน 50 คำ
thai,- สร้างความสุขในชีวิต
thai,| ข่าวเกี่ยวกับการศึกษา
thai,หรือเรื่องราวที่คุณสนใจ | บล็อก ข่าวสาร ความรู้เกี่ย
thai,- 776839
thai,ต้องการให้เป็นภาษาไทย - Pantip
thai,| ความรู้การศึกษา
thai,| สร้างสรรค์
thai,| ศูนย์เรียนรู้ภาษาไทย
thai,ให้เป็นข้อความที่มีอารมณ์ดี - มินิอัพเดต | ข่าว
thai,ทั่วไป ไม่มีความซับซ้อน | ติมโล ติดตามเรื่องราวในห
thai,หรือการใช้ชีวิตที่มีความสุข - สุขภาพ
thai,- บล็อก
thai,สำหรับคนที่อยู่ในเมืองใหญ่ | สร้างสรรค์ด้วยใจ
thai,ด้วยภาษาไทย | การเขียนเนื้อหาเพื่อความสำเร็จ
thai,สำหรับเด็กและผู้ใหญ่ - ข่าวด่วน ข่าวสารทั่วไป รวมทุ
thai,ที่เราต้องการความรู้สึกดีๆ และเพื่อความสนุกสนาน - Page 3 of
thai,| สรุปข้อมูลที่เกี่ยวข้องกับคำแปล ตัวอย่าง ประโยค สำหร
thai,หรือ ความรู้สึก - แชร์แบบบ่อยๆ
thai,"ทั้งเรื่องการจัดการเวลา, การทำ家务, การดูแลสุขภาพ, การใช้"
thai,หรือเรื่องทั่วไป - ร้านค้าออนไลน์ที่ขายของไม่ซ้ำใคร
thai,| บทความการเรียนรู้ภาษาไทย
thai,ให้เป็นการเริ่มต้นทุกวัน - ฟรีแลนซ์ คู่มือ
thai,"ตัวอย่าง: ""สุขภาพดี สอนทักษะพื้นฐาน, ทำงานให้ดี"
thai,"""ตอนนี้ ฉันกำลังนอนหลับอยู่"""
thai,10 ประโยค - ความรู้และทักษะ
thai,ที่คุณต้องการจะเรียนรู้ หรือที่คุณสนใจมาก ให้เป็นบทความ
thai,แต่ด้วยความคิดเห็นที่หลากหลาย ทำให้เราได้รู้จักการตัดสิน
thai,| สร้างสรรค์เพื่อสุขภาพจิต
thai,แต่ยากในการอ่านและเข้าใจ | อัปเดตข่าวสารทั่วไป
thai,- บุญทิพย์
thai,สำหรับคุณ | ข่าวสารออนไลน์
thai,หรือเรื่องราวในชีวิต - Pantip
thai,20 ม.ค. 64
thai,หรือสิ่งที่คุณต้องการให้ผู้อ่านรู้จัก - ข่าวสาร
thai,100 ข้อ ที่มักจะใช้บ่อยๆ | บทความเสริฟอินสай์
thai,| สาระความรู้
thai,10 ข้อความ พร้อมภาพ | สร้างบ้าน
thai,1. ชีวิตมักจะเป็นไปอย่างไรบ้างในแต่ละวัน?
thai,50 ข้อความ - ห้องพิมพ์ภาษาไทย
thai,| ฟิล์ม บัตร น้ำหนัก
thai,หรือความรัก | ข่าวสารทั่วไป
thai,| ศูนย์รวมความรู้เกี่ยวกับการเรียนรู้
thai,ที่คุณจะชอบมาก ๆ | สุดยอดบทความ
thai,1. ฉันตื่นตอนเช้าเวลา 6:30 PM
thai,| ค้นหาความรู้ใหม่ๆ
thai,ทั้งสิ่งที่เราต้องทำ หรือเรื่องราวที่เกิดขึ้น
thai,ที่คุณต้องการจะรู้เรื่องราวในบางจุด หรือข้อมูลที่คุ
thai,- 1. จัดระเบียบสิ่งของให้เป็นระเบียบ
thai,หรือเรื่องราวทั่วไป | วิธีสร้างเนื้อหา
thai,หรือการเรียนรู้ - 10 ข้อความน่าสนใจที่จะติดตามในชีวิต
thai,ให้ดูเป็นมนุษย์ | เลขเด็ดงวดนี้ - แนวทางหวย ตรวจหวย
thai,| วิธีการเขียนคำสั่งภาษาอังกฤษ
thai,1. คุณต้องการให้ผมช่วยอะไร?
thai,| สร้างสรรค์ ขั้นสูง
thai,หรือเรื่องราวของตัวเอง | รู้สึกอย่างไรบ้าง
thai,หรือ ติ๊กเต็มทุกข้อ
thai,ให้ท่านได้นำไปใช้ในชีวิตประจำวัน - สร้างสรรค์
thai,ให้ดูน่ารัก ๆ - ทั่วไป - 2017
thai,| สร้างสรรค์การเรียนรู้ทั้งในและนอกห้องเรียน
thai,2021 - 5 ตัวอย่าง
thai,50 ข้อ ต้องมีคำพูดทั่วไปในชีวิตประจำวัน -
thai,สำหรับผู้ที่ชอบฟังเพลง ดูหนัง ดูซีรีย์ | สื่อสาร
thai,10 ข้อความ - Page 2 of 3
thai,หรือเรื่องราวทั่วไป - ความคิดเห็น
thai,ให้ผู้อ่านสามารถใช้ได้จริง | The Daily Blog
thai,ที่เราสามารถทำได้บ่อยๆ
thai,ที่คนทั่วไปสามารถเข้าใจได้ - ความรู้เรื่องการเงินและบัญช
thai,คุณสามารถเขียนประโยคนี้เป็นภาษาไทยได้ดังนี้:
thai,50 อัพเดทล่าสุด - สร้างสรรค์
thai,ให้เป็นไปตามความรู้สึกของคุณ - ข้อเสนอแนะการสร้างรายได้เสริ
thai,หรือ ความสุขที่ได้รับ ด้วยภาษาไทย - 40 ตัวอักษร
thai,ที่มักจะถูกใช้บ่อยครั้งในวัยเรียน หรือวัยทำงาน
thai,ที่ 10 - 14
thai,20 มี.ค. 64 | พูดคุยกับตัวเอง - ความรู้ทั่
thai,หรือเรื่องราวที่คุณต้องการบอกให้คนอื่นรู้ | สร้างบล
thai,ให้คนอื่นเข้าใจได้ง่าย - ข้อมูลด้านการศึกษา
thai,"ทั้งเรื่องของความรัก, ความสุข, และความท้าทาย - [นิยาย"
thai,3 ข้อความ
thai,2017-06-04 18:35
thai,"ทั้งสิ่งที่ต้องทำ, สถานการณ์ที่เกิดขึ้น, และ"
thai,| สร้างความสุขในชีวิต
thai,250 ประโยค | ข้อความน่ารัก ๆ เจ๋ย
thai,- สร้างการมีส่วนร่วมในการเขียน
thai,ต้องการให้เป็นประโยคที่มีความสุขและบวกกับคนอื่นๆในช
thai,1000 คำ - PDF
thai,การเขียนประโยคที่ง่ายและดูแล้วไม่ยาก แต่มีความหมายลึกซึ้ง
thai,ที่สามารถนำไปใช้ได้จริง - Pantip
thai,- สร้างความสุขให้ตัวเอง
thai,หรือเรื่องที่คุณรู้สึกอึดอัด หรือเกิดขึ้นจร
thai,ให้เป็นแบบไม่รู้ตัว - สร้างความรู้สึกดีๆ
thai,หรือความรู้สึกของคุณ - 2022
thai,ต้องการให้เป็นเรื่องที่สามารถนำไปใช้ได้จริงในชีวิตประจำวัน |
thai,500 คำ | สั้นๆ แต่ใช่เรื่องจริง
thai,1. วันนี้อากาศเย็นมาก
thai,ทั้งเรื่องการเรียน การทำงาน และความสัมพันธ์ในครอบครัว ทั้
thai,ที่คุณต้องการให้ผู้อ่านรู้สึกถึงความเป็นอยู่ของคุณ
thai,หรือความรักในเรื่องราวทั้งหมด - 10 ข้อ
thai,หรือเรื่องราวที่เกิดขึ้นในช่วงเวลานี้ | Blog
thai,- ทักษะการใช้ภาษาไทย
thai,1. ชีวิตไม่เคยหยุดทุกวินาที แต่มันให้เราเรื่อง
thai,ขอโทษ ไม่สามารถสร้างข้อความใหม่ที่เกี่ยวข้องกับชีวิตประจำวัน
thai,ทั้งสุขภาพ อาหาร และการดูแลตัวเอง
thai,ที่ต้องการให้คนอื่นรู้ 20 ข้อความ
thai,10 ข้อ ไม่ซ้ำใคร - มัลติมีเดีย
thai,หรือว่าเรื่องราวทั่วไป
thai,แต่ให้เน้นความสุข ความรักและความมั่นใจในตัวเอง
thai,ที่คุณต้องการให้พนักงานของคุณสามารถเข้าใจได้ง่ายๆ หรือม
thai,| ติ๊กตอก
thai,| ข้อความน่ารักๆ และคำคม
thai,| สรุปข้อมูลที่น่ารู้เกี่ยวกับชั่วโมง
thai,10 ข้อความ ภาษาไทย - 5 ข้อความน่ารักๆ | ตัวอย่างของประโย
thai,25/09/2017 - คุณภาพของนักเขียน - Pantip
thai,10 ข้อความ - สุขภาพ
thai,แบบไม่รู้ตัว สำหรับคนที่มักจะเข้าใจง่ายๆ และเขียนเรื่อง
thai,ทั้งนี้เรายังไม่ได้คัดเลือกเนื้อหาแต่เพียงผู้
thai,หรือเรื่องราวในโลกที่เราอยู่
thai,- ข่าวสด
thai,- ศูนย์รวมความรู้การเรียนรู้เพื่อทักษะภาษาไทย
thai,การเริ่มต้นใหม่ในชีวิตที่จะเป็นสักการะที่ดี ค
thai,| สาระการเรียนรู้
thai,| สร้างสุขภาพด้วยการอ่าน
thai,ต้องการที่จะใช้ในงานแต่งงาน ดังนี้ครับ ขอให้เป็นภาษาไทย
thai,ที่เป็นไปตามความคิดเห็นของคนเรา
thai,ให้ดูมืออาชีพ | ร้านค้าออนไลน์ ขายสินค้าผ่านอิน
thai,ทั้งนี้ขึ้นอยู่กับความคิดของแต่ละคน หากคุณต้องการ
thai,การเขียนประโยคในภาษาไทยที่ง่ายและใช้ได้จริง นั่นคือ การเขียน
thai,ต้องการให้เป็นภาษาไทย
thai,2021 - ร้านทำบัตรสมุดดิจิตอล ทุกค่าใช้จ่าย
thai,หรือการใช้ชีวิตที่มีความสุข - ครั้งหนึ่ง
thai,ที่คุณต้องทำอย่างไร - ฟิล์มภาพ ถ่ายภาพ ออกแบบโลโก้
thai,250 ข้อความ - รีวิว
thai,หรือความรู้สึก ที่คุณสามารถอ่านได้ในเวลาไม่ถึงนาที -
thai,| ทุกเรื่องราวดีดี
thai,2018-09-25 16:43:46
thai,| ติวเตอร์ออนไลน์
thai,"- ข้อความทั่วไป | สร้างแรงบันดาลใจ, การจัดการเวลา, วางแผน,"
thai,หรือสิ่งที่คุณรัก
thai,ให้เป็นธรรมชาติ - รีวิวและเทคนิคในการเขียนข้อความ
thai,ที่ต้องการให้คุณอ่านและสื่อสารได้ง่ายๆ
thai,ไม่ควรคิดมาก แต่เน้นการสร้างความรู้สึกดีให้กับตัวเอง
thai,ตัวอย่าง: ถ้ามีอะไรที่ทำได้ยากในชีวิต แล้วไม่รู้
thai,ทั้งในและนอกบ้าน - คู่มือการทำความเข้าใจภาษาอังกฤษ
thai,| สาระเรื่องราวทั่วโลก
thai,- ศิลปะการเขียน 100 ประโยค
thai,100 ข้อ | สร้างบุคลิกภาพด้วยการเขียนคำสั่งภาษาอัง
thai,50 ข้อ - บทความทั้งหมด - สุขภาพและความงาม
thai,1. ฉันรู้สึกดีมากเมื่อพบเจอเพื่อนใหม่ในห้องเรียน
thai,| สร้างความมั่นใจด้วยการเขียนภาษาไทย
thai,50 ข้อ | ความรู้เรื่องภาษาไทย
thai,10 ข้อ | สรุปบทความ
thai,50 ข้อ | อ่านนิยายออนไลน์ฟรี ทุกบทจบ
thai,- สำหรับผู้ที่ต้องการสร้างความสุขให้กับตนเองและคนอื่นๆ
thai,ทั้งหมด | ร้านค้าเว็บไซต์พาราสิโอ
thai,100 ประโยค | ข้อความสำหรับมือใหม่
thai,| ค้นหาบทความทั้งหมดของฉันใน Google
thai,ด้วยภาษาไทย - 10 เรื่องที่คุณควรรู้ก่อนอ่าน | ThaiChat
thai,- 100 อธิบาย
thai,30 ข้อ | คุณภาพดิจิตอล
thai,- สำนักงานเครือข่ายการศึกษาพัฒนา
thai,แบบไม่ต้องใช้คำพิเศษ
thai,ต้องการให้คุณรู้สึกดี ๆ ถ้าใช้ไป
thai,"ตัวอย่างเช่น ""ฉันรู้สึกดีใจที่ได้ไปเที่ยวทะเล"""
thai,ให้เป็นเรื่องราวของคนที่คุณรัก หรือเป็นคนในครอบครัวของค
thai,10 ข้อความ | ศิลปะการเขียนภาษาไทย
thai,10 ข้อ | บทความทั้งหมด - รวมเรื่องราว
thai,ให้ดูสนุก | ความรู้ทั่วไป
thai,ที่คุณอาจจะไม่เคยรู้ - The Daily News
thai,- ข้อความทั้งหมด
thai,ทั้งเรื่องการทำงาน ความสุข ปัญหาในชีวิต การแก้ไขปัญหา
thai,ให้สามารถนำไปใช้งานได้จริง - เลขที่16
thai,- ข้อความที่มีเนื้อหาสั้น ๆ แต่ดูเหมือนจะยากเกิน
thai,50 ประโยค - ความรู้
thai,| สรุปข้อมูลทั่วไปเกี่ยวกับร้านค้าออนไลน์ที่สมบู
thai,- ข้อความทั้งหมดในเว็บไซต์นี้อาจถูกใช้งานโดยไม่จำเป็น
thai,ให้ท่านผู้อ่านได้รู้สึกเหมือนอยู่ในห้องพักของท่าน พร้อม
thai,30 ประโยค | ความรู้สึก สำหรับคนทั่วไป
thai,สำหรับคนที่กำลังอยู่ในระหว่างการหาบ้าน
thai,20 ประโยค - Page 14 of 35
thai,สำหรับเด็ก | สอนภาษาไทย
thai,"ขอความช่วยเหลือ อยากให้คุณเขียนคำแปลของประโยคภาษาอังกฤษ ""I have a"
thai,10-20 คำ | ขั้นตอนการทำสิ่งที่ยาก
thai,หรือการใช้ชีวิตประจำวัน - เรียนภาษาไทย
thai,- ห้องสมุดอินเตอร์เน็ต
thai,ที่เราเห็นว่าเป็นสิ่งที่ดี แต่ถ้าไม่มีคนรู้จัก
thai,ให้เป็นเรื่องราวที่น่ารัก | ข้อมูลทั่วไป
thai,ที่มีความหมายด้วย
thai,| ที่มาของคำศัพท์และภาษาอังกฤษ
thai,หรือสิ่งที่คุณต้องการให้คนอื่นรู้
thai,10 ข้อความ - ร้านค้าออนไลน์
thai,แต่ละข้อถูกต้องมากกว่าที่คุณคาดหวัง
thai,2021 | สอนทำเว็บ
thai,| ค้นหาข้อมูลเพิ่มเติมเกี่ยวกับการเขียน
thai,1. ข้าพเจ้าเป็นคนหนึ่งที่มักจะรู้สึกดีเมื่อ
thai,ที่จะทำให้คุณรู้สึกดีขึ้น - สร้างความมั่นใจ
thai,สำหรับนักเรียน 3-5 ขั้นตอน
thai,| ทุกอย่างคือการสร้างสรรค์
thai,ที่เราเคยประสบมาในช่วงเวลาที่ผ่านมา
thai,- นักเขียน
thai,- วิธีการสร้างความสุขในชีวิต
thai,50 ประโยค | สอนทำเว็บไซต์
thai,หรือความรู้สึกที่เกิดขึ้น - ถามได้ทุกวัน
thai,10 ประโยค - วิธีการเขียน
thai,- 26/10/2564 | ครูบ้านนอก
thai,| คุณภาพของการใช้ภาษาไทย
thai,ทั้งเรื่องการเรียน การทำงาน การใช้ชีวิต ไม่จำเป็นต้องเขียน
thai,"ทั้งการไปทำงาน, คุณภาพของความรัก และเรื่องราวต่าง ๆ ที่เก"
thai,- สร้างสรรค์ขึ้นเอง
thai,หรือเรื่องราวที่คุณเคยประสบมา ดูแลตัวเองให้ดีที่สุด
thai,- บุคคลทั่วไป
thai,แบบไม่ซ้ำใคร - ร้านขายบ้านและสวน
thai,ให้เป็นส่วนตัว - ข้อมูลเกี่ยวกับการเงินและภาษี
thai,- ข้อความทั่วไป | My Blog
thai,| สร้างแรงบันดาลใจให้คนอื่นด้วยความรู้และความสามารถของคุณเอง
thai,10 ข้อความ - บ้านนี้รักทุกวัน
thai,- 2021
thai,10 ข้อ - ดูหนังออนไลน์ฟรี
thai,"ให้คุณสามารถนำไปใช้ในสื่อต่าง ๆ เช่น อินเทอร์เน็ต, หน"
thai,ที่จะทำให้คุณรู้สึกดีๆ และมั่นใจมากขึ้น -
thai,10 ข้อ | บล็อกเกอร์ที่ดีที่สุด
thai,"""สวัสดีครับ ผมเริ่มต้นทุกวันด้วยการอ่านหนังสือเพ"
thai,50 อัพเดตทุกวัน - รวมคำศัพท์ภาษาไทย
thai,- 123 เรื่องในชีวิตประจำวัน
thai,ให้ผู้อ่านเข้าใจ - สอนทำน้ำหอม
thai,ที่คุณสามารถนำไปใช้ได้ทุกวัน | Siam News
thai,หรือความรู้สึกที่เกิดขึ้นในปัจจุบัน - เรียนภาษาไทย
thai,ที่คุณต้องการ หรือสิ่งที่คุณกำลังทำอยู่ในขณะนี้
thai,ทั้งในและต่างประเทศ
thai,ที่ต้องใช้ความคิดสร้างสรรค์ในการตอบ
thai,- ข้อความภาษาไทยสำหรับการสอนภาษาอังกฤษ
thai,10 ประโยค - วิทยาศาสตร์ | งานอดิเรก
thai,หรือเรื่องราวที่เกิดขึ้นในแต่ละวัน | คู่มือการเขียน
thai,ให้ดูเป็นภาษาไทย | ศิลปะการสอน
thai,- 10 ข้อความน่ารัก ๆ ของคุณพ่อ
thai,50 ประโยค ภาษาไทย - คำสั่งและคำอธิบาย - สุขภาพและความงาม
thai,สำหรับนักเรียนระดับประถมและมัธยมศึกษาตอนต้น
thai,- ร้านน้ำยาทำความสะอาดบ้าน
thai,ที่คุณเคยประสบมา หรือเคยเห็นคนอื่นทำให้เราได้รู้จักว
thai,หรือสิ่งที่คุณต้องการ ให้เป็นภาษาไทย | ค้นหาคำในความ
thai,ทั้งเรื่องความรู้สึก การทำงาน การพักผ่อน หรืออะไรก็ตามที่ค
thai,ให้เป็นตัวอักษรขึ้น - ความคิดเห็นทั่วไป
thai,ให้เป็นไปตามแนวคิดของผู้เขียน ทั้งนี้เนื้อหาต้องไม
thai,15 ข้อ | สร้างความสุขในชีวิตด้วยการเขียนบทกว่า
thai,2019 - 2020 | สร้างความทรงจำด้วยความคิดเห็น
thai,- ข่าวสารเกี่ยวกับการศึกษา การทำงาน และการทำธุรกิจ
thai,10 ข้อความ ที่จะทำให้คุณรู้สึกดี ใจดี
thai,ไม่ต้องใช้คำพูดที่ยากเกินไป
thai,- สำหรับคนทั่วไป | พิมพ์รูปภาพลงในประโยค
thai,หรือเรื่องราวที่คุณเคยประสบมา - ขั้นตอนที่ 1
thai,ที่เราต้องใช้ภาษาไทย 3 ข้อความ - 1. เจ้าของบ้านมีคนมา
thai,หรือเรื่องราวที่คุณเคยสัมผัสได้ | ข่าวสารออนไลน์
thai,150 แบบ - สำนักพิมพ์ อมรินทร์ พาราไดซ์
thai,- 219463
thai,ที่บ้าน - สร้างสรรค์ข้อความด้วยตัวอักษร 5 ตัว
thai,5 ข้อความ 10 ต้นเหตุของปัญหาในชีวิต | สร้างความส
thai,10 ข้อ | นิยายแปลไทย
thai,- ทั่วไทย
thai,ให้เป็นรูปภาพ - 123456789
thai,ทั้งการเรียน การทำงาน การผ่อนคลาย และสิ่งที่สำคัญในชีวิตท
thai,ให้คนอ่านรู้สึกดี - สุขภาพ
thai,| ข่าวสารและความรู้เกี่ยวกับการใช้ชีวิตประจำวัน
thai,หรือเรื่องราวที่ต้องการสร้างความประทับใจให้กับผู้อ่าน | สอน
thai,10 ข้อ | รู้เรื่องดีๆเกี่ยวกับการใช้ชีวิต
thai,ขออภัย แต่คุณไม่มีการเข้าใจข้อมูลที่ฉันให้ไว้อย่าง
thai,"ทั้งเรื่องความรัก, งาน, ครอบครัว, ความสุข, และความเศร้า"
thai,ไม่ซับซ้อน
thai,ให้สื่อถึงความรู้สึกของคุณ - The Traveler
thai,สำหรับผู้ที่ต้องการความสุข อย่างไรก็ตาม คุณสามารถปรับแต
thai,ทั้งการเรียนรู้ การทำงาน และสิ่งที่ต้องทำในแต่ละวัน
thai,| ทั้งนี้ ผู้เข้าร่วมการแข่งขันจะได้รับรางวัล
thai,- 100 คำ - เรียนภาษาไทย - Language Learning
thai,1. ข้างหน้าคืออนาคต ทิ้งความอดทนไว้
thai,- วิธีการจัดการเวลาให้ดียิ่งขึ้น
thai,| บล็อกนี้ทั้งหมด
thai,สำหรับเด็กเล็ก - ดูแลสุขภาพและฟื้นฟู
thai,หรือเรื่องราวในครอบครัว | Siam Online
thai,หรือเรื่องราวต่างๆ | สร้างบุคลิกภาพดี
thai,| คู่มือการเรียนรู้ภาษาอังกฤษ
thai,"หรือเรื่องราวที่คุณชอบหรือรู้จัก - 50,000+ คำ"
thai,100 เรื่อง | ทำนองเรียบง่าย - 2564 - Page 3 of
thai,50 ข้อ - ข้อความภาษาไทย - บล็อกดิจิทัล
thai,หรือเรื่องที่คุณเคยเจอมา
thai,- ศิลปินอัลบั้ม
thai,หรือเรื่องราวที่คุณชอบ | ทำนายฝัน
thai,"ทั้งสุขภาพ, การออกกำลังกาย, การรักษาความดันโลหิต, จ"
thai,"ตัวอย่าง: ""ฉันชอบทานข้าวค่ะ"" การเขียนเป็นภาษาไทย"
thai,| ท่องเที่ยว | www.iamai.com
thai,ที่มีความหมาย - คุณภาพของการเรียนรู้ที่คุณไม่เคยได้ยินมาก
thai,ต้องการให้เป็นความรู้สึกที่ดี - ข่าวสารออนไลน์
thai,ทั้งเรื่องการรักษาสุขภาพ การทำงาน หรืออะไรก็ตามที่คุณ
thai,ให้เป็นเรื่องราวของความรัก - คุณภาพทั่วไป - ข่าวสารออนไล
thai,ที่ต้องการให้คุณรู้ - 2021
thai,สำหรับคนที่ต้องการเรียนรู้และพัฒนาตนเอง - ดูดวง
thai,10 ข้อ - สำหรับผู้ที่ต้องการสร้างความรู้สึกดีๆ และม
thai,หรือเรื่องราวที่คุณชอบ | iWritePro
thai,- 77195
thai,ขอให้ดีใจทุกวัน อย่าลืมว่า เราต้องการความรักในชีว
thai,| ทั่วไป
thai,ที่คุณสามารถใช้ได้บ่อย ๆ | เรียนภาษาไทย
thai,ที่คุณต้องการให้ผู้อื่นรู้จัก หรือส่งถึงคนที่
thai,แต่ไม่มีใครสนใจ คุณสามารถเข้าใจได้หรือไม่? - ถามตอบ
thai,| ทำนอง: ที่ดิน
thai,| ทำให้คนอื่นดูมีความสุข - สำหรับผู้ที่ต้องการเป
thai,10 ประโยค | สร้างความสุขให้กับชีวิต
thai,"ทั้งสุขภาพ, ความรัก, การงาน และการศึกษา แต่ไม่มีเนื"
thai,| ข้อมูลทั่วไปเกี่ยวกับวิธีการเขียนคำค้นหาเพื่อใช
thai,หรือเรื่องราวที่คุณเคยเจอในชีวิตประจำวันได้เลยนะคะ เพียงแค่
thai,ทั้งในส่วนของเรื่องราวต่าง ๆ และการพูดคุยกับคนอื่น ๆ
thai,หรือเรื่องที่เกิดขึ้นในครอบครัวของคุณ | MyBlog
thai,ที่คุณสามารถใช้ได้ทุกวัน - พูดคุยกับตัวเอง
thai,| ความรู้เพื่อคุณ
thai,ทั้งการเรียน การทำงาน การดูแลตัวเอง และความรัก - ฟังเพลง
thai,ไม่ต้องคิดมาก แค่สั้นๆ - ทุกเรื่องมีคำตอบ
thai,20 ข้อ - สรุปการเขียนประโยคทั้งหมด
thai,หรือการดำเนินงานขององค์กร
thai,- ข้อความสุภาพ ง่ายดาย
thai,50 ข้อ - เล่ม 1
thai,ที่จะทำให้คุณรู้สึกดีขึ้น - บทความทั่วไป -
thai,- สร้างความสุขในชีวิต | ดูหนังออนไลน์ฟรี
thai,25/04/2021 | ดูหนังออนไลน์
thai,หรือเรื่องราวที่คุณพบเห็นอยู่บ่อยๆในชีวิตประจำวัน แล
thai,| สรุปข่าว
thai,| ห้องพิมพ์ ภาษาไทย
thai,แต่ไม่มีอะไรเกี่ยวกับสิทธิ์ของบุคคลใดๆเลย - Pantip
thai,หรือเรื่องราวที่คุณชอบ | ทำได้ด้วยตัวเอง
thai,ทั้งเรื่องราวของตนเองและคนรอบข้าง - ถาม-ตอบร question
thai,แบบภาษาอังกฤษ - 1001 คำสั้นๆ | ทุกความรู้เกี่
thai,หรือความรู้สึก | ฟิล์มแวร์
thai,ที่คุณสามารถนำไปใช้ได้จริง - สร้างความสุขในชีวิต
thai,| ความรู้เกี่ยวกับการเรียนรู้
thai,1000 คำ - สำนักพิมพ์ข้อมูลสังคมไทย
thai,| สรุปข่าวทั้งหมด
thai,หรือสิ่งที่เราสนใจ
thai,2563 - 10000 คำ
thai,2021 - ทำบุญด้วยการเขียนคำศัพท์ภาษาอังกฤษ
thai,- สำนักพิมพ์สุรศักดิ์
thai,| ศูนย์เรียนรู้การสอนภาษาไทย
thai,ตัวเองในปี 2021 - 2022
thai,ที่คุณสามารถนำไปใช้ในสื่อออนไลน์ได้ - ทำให้คุณมีส
thai,15 ประโยค - รูปภาพและคำแปล
thai,- 776150
thai,ที่คุณต้องรู้ - ส่งเสริมความสุขของครอบครัว
thai,"ทั้งเรื่องความรัก, สุขภาพ, และการพูดคุยกับคนอื่น"
thai,สำหรับคนรักการ์ด
thai,- 2563
thai,- คุณภาพดีที่สุด | ร้านขายส่ง ผลิตภัณฑ์พื้
thai,ที่ 10 แบบง่ายๆ | พิมพ์ภาษาไทย แปลภาษา
thai,1. ตอนที่คุณต้องการจะรู้สึกผ่อนคลาย ทำอะไรดี?
thai,"ทั้งเรื่องราวความสุข, ความเศร้า, การติดตามการทำงาน และการฝึกฝนภาษา"
thai,- 26 มิถุนายน 2564
thai,ด้วยภาษาไทย - ข้อความภาษาไทย
thai,- บล็อกน่าดู
thai,- 25430
thai,| ติดตามความสุขด้วยการเขียน
thai,หรือความรัก
thai,หรือสิ่งที่คุณชอบและรัก
thai,ทั้งการเรียน การทำงาน การใช้งานอุปกรณ์ หรือเรื่องราวต่าง ๆ ใน
thai,ที่คุณต้องการ | สร้างบ้าน
thai,หรือเรื่องราวที่เกิดขึ้นในครอบครัว | ความรู้สิ่งแวด
thai,- 123writing
thai,หรือ ความรู้สึกของฉัน - 100 เรื่อง
thai,- ข่าวสารออนไลน์
thai,| ติดตามความรู้ใหม่ๆ ด้วยการอ่านหนังสือ ทั้งในและนอก
thai,ทั้งการเรียน การทำงาน การพักผ่อน และความรู้สึกของตัวเอง | ข่าวสาร
thai,100 ข้อ | สรุปข้อมูลที่น่ารู้เกี่ยวกับเรื่องราว
thai,10 ข้อ ที่ควรจะต้องรู้ - หุ่นยนต์ AI ทั้
thai,ทั่วไป
thai,ทั่วไป | ร้านข้อความ
thai,ต้องการให้เป็นความรู้สึกดี ๆ แต่ไม่ใช่คำพูดน่ากลัว
thai,ที่สามารถใช้ได้จริง - เทคนิคการเรียนภาษาอังกฤษ
thai,ให้ฟัง - ข่าวประชาสัมพันธ์
thai,ที่คนรู้จักจะดูแล - Page 2 of 2
thai,- 7528
thai,หรือความรู้สึกที่ต้องการบอกคนอื่น | คู่มือการทำบัญชี
thai,สวัสดีค่ะ/น้องใหม่ทุกคน ครับ/ค่ะ ช่วงนี้ผมม
thai,ทั้งข้อความ หรือข้อความที่จะทำให้คนอื่นรู้สึกดี
thai,แบบไม่ต้องใช้คำศัพท์หรือภาษาอังกฤษ 10 อธิบายเรื่
thai,| บทความดูแลสุขภาพ
thai,ด้วยภาษาไทย - 240987
thai,ด้วยภาษาไทย | ThaiTeacher
thai,- วิธีการเขียนข้อความในภาษาไทย
thai,ขออภัย ไม่มีข้อมูลเพียงพอสำหรับการสร้างประโยคที่เกี่ยวข้อง
thai,ที่ทำให้คุณรู้สึกดีขึ้น | KooKeeLife
thai,"ที่ไม่ต้องใช้คำว่า ""ถ้า"" - 2017-11-15"
thai,- ครูบ้านนอกดอทคอม
thai,ที่สามารถนำไปใช้ได้จริง - มัคคุเทศก์ สำหรับคนชอบเที่ยว
thai,- สร้างสรรค์
thai,- ข้อคิดดีๆ
thai,- 2019-04-16
thai,ด้วยภาษาไทย - คุณภาพ ทั่วโลก | จัดส่งรวดเร็ว
thai,ที่คุณสามารถสื่อสารได้ด้วยคำศัพท์ภาษาไทย - สร้างสรรค
thai,| ร้านขายหนังสือออนไลน์
thai,1. ทำให้ชีวิตดีขึ้นค่ะ
thai,หรือเรื่องราวที่เกิดขึ้นในช่วงเวลานั้นๆ
thai,ที่คุณต้องการ - คำคมภาษาไทย | คำคมภาษาอังกฤษ
thai,50 อธิบายถึงเหตุการณ์ที่เกิดขึ้น
thai,แบบไม่ซ้ำใคร - นิยายออนไลน์
thai,- ทั้งนี้จะเน้นในเรื่องที่สามารถทำได้เองอย่างไร
thai,- สำนักพิมพ์ข้าวสาร
thai,| ดูแลสุขภาพด้วยการทานอาหารที่ดี
thai,"ทั้งเรื่องสุขภาพ, การทำอาหาร, สุขภาพจิต, ความรัก, และ"
thai,10 ข้อความ | ศูนย์รวมความรู้เกี่ยวกับการสร้างสุขภาพ
thai,หรือเรื่องราวที่เกิดขึ้นในสัปดาห์นี้ | The Bangkok Insight
thai,แบบนี้ได้ไหมครับ
thai,| สร้างรายได้จากนิยาย
thai,- สร้างความรู้สึกดีๆ ให้แก่คนอื่น
thai,หรือเรื่องราวทั่วไป - หัวข้อ: การสร้างสรรค์ใหม่ๆ | Page
thai,ไม่ต้องเป็นเรื่องที่ยากเกินไป
thai,ให้ดูสนุกและเป็นเรื่องราวที่คุณเองอาจเคยเจอ | สร้างสรรค
thai,ที่คนอื่นๆ จะต้องสนใจ คุณจะทำอย่างไร? - Pantip
thai,| วิธีการสร้างความสุขในชีวิต
thai,- 2019
thai,ที่คุณสามารถนำไปใช้ได้จริง
thai,หรือสิ่งที่ชอบ | ทำเนียบ
thai,หรือเรื่องราวที่ต้องการให้คนอ่านรู้สึกถึงความอบอุ่นและความ
thai,ที่มักจะใช้บ่อยๆ - ข่าวสารออนไลน์
thai,หรือ ความรู้สึก | สร้างความสุขให้ตัวเอง
thai,| บทความ ข่าวสาร
thai,ทั้งเรื่องความรัก การทำงาน การเรียน หรือสิ่งต่างๆในชีว
thai,| ข้อความภาษาไทย
thai,ด้วยภาษาไทย - หัวข้อที่มีความรู้สึกในใจมากที่สุด
thai,สำหรับคนทั่วไป | สาระน่ารู้ ความรู้ใหม่ๆ ต่างๆ
thai,| ร้านนิสัย
thai,| ฟังเสียงและเขียนคำสั่ง
thai,- สร้างความสุข
thai,1. ความรู้สึกของคุณในตอนนี้คืออะไร?
thai,ที่เราต้องการ - ความรู้สึก
thai,| วิธีสร้างแรงจูงใจให้คนทำงานดีขึ้น
thai,"2 ข้อ - รีวิวของ คำว่า ""น้ำตาล"" | iTravel"
thai,ที่จะทำให้คุณรู้สึกผ่อนคลาย
thai,ด้วยภาษาไทย 500 ประโยค - บทความเรื่องการพูดภาษาอังกฤษ
thai,สำหรับคนทั่วไป - คุณสามารถเขียนได้เอง
thai,2018-05-31
thai,ให้ดูน่าสนใจ - The Happy Blog
thai,หรือ วัฒนธรรมของประเทศจีน - การศึกษา
thai,ที่ไม่ควรพลาด | The Blog
thai,สำหรับเด็ก ๆ นักเรียน
thai,| หัวข้อทั้งหมด | คุณภาพการเรียนรู้ออนไลน์
thai,หรือเรื่องราวที่คุณรู้สึกอยากเข้าใจมากกว่าในตอนนี้ | ความ
thai,- สำหรับผู้ที่ต้องการให้บุคคลอื่นเข้าใจได้ง่าย ๆ มาก
thai,"1. ""ฉันชอบที่นี่มาก"""
thai,แต่ถ้าทำให้เกิดความรู้สึกทั้งใจดีและความรู้สึกตึงเคร
thai,- สรุปข้อมูลที่สมบูรณ์เรื่อง จักรพันธุ์ จั
thai,- ทั้งนี้ในขณะที่การสร้างสรรค์และเขียนบทความเป็นทักษะที่สำค
thai,| ข้อความเรื่องราว
thai,"ทั้งข้อคิด, การสร้างสรรค์, และการตั้งคำถาม สำหรับคนม"
thai,หรือเรื่องที่น่าสนใจ - ครูบ้านนอก
thai,ทั้งเรื่องการเรียนรู้ การทำงาน การผจญภัย หรือแม้กระทั่ง
thai,2017-05-26 14:38:56
thai,2017 | เล่มแรก: 2017 ปี
thai,| สร้างความสุขในชีวิตด้วยการเขียนคำคมทั่วไป
thai,1. คุณต้องการให้ฉันอ่านบทสนทนาของคุณหรือไม่?
thai,แบบเรื่องสั้นๆ
thai,- ทิปการติดต่อสื่อสาร
thai,50+ ข้อความทั้งภาษาไทยและภาษาอังกฤษ | สาระน่ารู้
thai,10 ข้อ - สอนภาษาไทยออนไลน์
thai,ด้วยภาษาไทย - สร้างสรรค์ ความรู้
thai,ไม่เกิน 5 ข้อความ - เว็บไซต์สำหรับการอัพเดทข้อมูล
thai,หรือความรู้สึก 5-10 ประโยค - บุญเกียรติ ขจรล
thai,ไม่ต้องใช้ภาษาที่ยากเกินไป | การ์ดจิตรกรรม
thai,ขอให้ขึ้นใจสักหน่อย ทุกอย่างจะผ่านพ้นไปได้ ความร
thai,2016-03-09 - Pantip
thai,| ศูนย์บริการภาษาอังกฤษ
thai,2021-07-03
thai,หรือเรื่องราวต่าง ๆ ที่คุณชอบ
thai,ให้คุณได้นำไปใช้ในการสร้างสรรค์ความคิดเห็นหรือสื่อสารท
thai,| คุณสมบัติที่จะทำให้คุณเป็นผู้นำ
thai,2563 - สำนักงานเครือข่ายผู้พิทักษ์สิทธิมนุษย
thai,ไม่เกิน 10 ข้อ - ไทยมัลติมีเดีย
thai,| วิธีการเขียนรีวิวอาหาร
thai,1. ฉันชอบทำงานทุกวันเพราะมันทำให้ฉันรู้สึกสนุกและได้
thai,100 ประโยค - สร้างความรู้สึกดีให้คนอื่น
thai,| บทความน่ารู้
thai,50 ข้อความ | สอนภาษาไทย
thai,ให้ดูน่าสนใจและเป็นประโยชน์ - เรื่องราวความรู้ทั่วไป
thai,10 ข้อความ - MyBlogger
thai,สำหรับคนที่เริ่มเข้าใจภาษาอังกฤษ - เรียนภาษาอังกฤษ
thai,| ตุ๊กตา ทิพย์สมบูรณ์
thai,100 ข้อ | ทุนส่งเสริมการศึกษา
thai,ขอให้คุณได้รับความสุขและมั่นใจในตัวเองทุกวัน
thai,- 150 คำว่าเรื่องชีวิต
thai,30 ประโยคทั้งหมด - รูปภาพจาก Google Images
thai,| สรุปข้อมูลที่น่าสนใจเกี่ยวกับการเรียนภาษาอังกฤษ
thai,1. ตอนที่ผมทำงานเสร็จแล้ว ผมชอบไปทานอาหารอร่อย ๆ ในร้านอาหารไทย
thai,"ทั้งเรื่องสุขภาพ, ความรัก, การทำงาน, หรืองานอดิเรก |"
thai,ที่คุณต้องการให้พนักงานรู้ - 1. ทำงานอย่างมืออาชี
thai,100 คำ - พจนานุกรม
thai,สำหรับนักเรียน - สร้างรายได้ด้วยการเขียน
thai,- ข่าวสารความรู้เรื่องภาษา
thai,หรือ คำพูดที่ใช้บ่อย ๆ ทั่วไป | ความคิดสร้างสรรค
thai,| ศูนย์รวมความรู้เกี่ยวกับการเรียนต่อต่างประเทศ
thai,1. ทำอะไรดีที่สุดในชีวิตของคุณ?
thai,| สร้างความสุขด้วยการแต่งตัว
thai,ให้ดูน่าสนใจมากขึ้น
thai,หรือเรื่องราวต่าง ๆ - บล็อกเกอร์ทั่วไทย
thai,ที่คุณสามารถนำไปใช้ได้จริง - ข้อความต่อเนื่อง - 2021
thai,ที่ง่ายดายมาก แต่เป็นเรื่องราวที่น่าสนใจ - หัวข้อ: ความ
thai,สำหรับคนรุ่นใหม่ - สร้างความสัมพันธ์
thai,- ศิริราช มหาวิทยาลัยเทคโนโลยีพระจอมเกล้าธนบุรี
thai,| ข่าวทั่วไป
thai,ต้องการให้เป็นข้อความที่ยาวประมาณ 10-15  sentence
thai,10 ข้อความ - วิเคราะห์ความหมายของคำศัพท์
thai,ทั้งเรื่องความรู้สึก การทำงาน หรืออะไรก็ตามที่คุณต้องการ
thai,"หรือที่เรียกว่า ""Life"" | สร้างความสุขให้ตัวเอง"
thai,คุณต้องการให้ผมเขียน 5 ประโยคที่เกี่ยวข้องกับชีวิต
thai,ที่ไม่ต้องรีบเร่ง แต่มากเกินไป | ความรู้ด้านการศึกษา
thai,หรือเรื่องราวที่คุณเคยพบเจอในชีวิตประจำวัน | DQ214
thai,| ข่าวสด
thai,- วิกิพีเดีย
thai,"ทั้งเรื่องราวความรู้สึก, การคิดเห็น, และการตัดสินใจ"
thai,ที่มักจะถูกใช้ในสื่อสารบ่อยครั้ง | ข่าวสารออนไลน์
thai,| ที่พักและร้านอาหาร
thai,| ข้อมูลทั่วไปเรื่องราวที่เกี่ยวข้องกับบทความทีมอกราย
thai,หรือเรื่องราวที่เกิดขึ้นจริง - คู่มือการเขียนเนื้อ
thai,"ทั้งเรื่องสุขภาพ, การทำงาน, และการพักผ่อน | มือถือ | Android Central"
thai,ให้ดูเรียบง่ายและน่าสนใจ - ThaiChat
thai,หรือความสุขในช่วงนี้ - The New York Times
thai,ทั่วไป 100 ประโยค
thai,50 ประโยค แบบเรียบง่าย - เทคนิคการเขียนภาษาไทย
thai,150 คำ ด้วยภาษาไทย - ข้อมูลทั่วไปเกี่ยวกับภาษาไทย
thai,10 ข้อความ | สรุปข้อมูลที่เกี่ยวข้อง10 ประโยค ง่าย
thai,- คุณสมบัติของผู้ชาย
thai,20 ประโยค
thai,ที่คุณต้องการให้คนอื่นรู้ - สร้างสรรค์
thai,| ร้านค้าออนไลน์
thai,หรือเรื่องราวที่เกิดขึ้นมาในช่วงเวลาที่ผ่านมา
thai,หรือความรู้สึก 5 ข้อ
thai,การเขียนประโยคเป็นสิ่งที่สำคัญมากในเรื่องของการพูดและเข้าใจข
thai,ด้วยภาษาไทย | ร้านขายของออนไลน์ ทุกอย่างมีครบถ้วน
thai,15 มิถุนายน - ข่าวสด
thai,สำหรับคนท้อง | Siam Baby
thai,5 ประโยค | ข้อความที่มีประโยชน์สำหรับผู้ใช้
thai,100 ข้อ - สร้างความสุขในชีวิตด้วยการเขียนคำที่ด
thai,| คู่มือการทำความรู้สึกดี
thai,ทั่วไป 10 ประโยค - สร้างความสุขให้คนรอบขามากขึ้น
thai,หรือเรื่องราวที่เกิดขึ้นในชีวิต - ถาม พบแพทย
thai,- ความรู้สึก วิธีการที่จะทำให้คนอื่นรักคุณมากข
thai,หรือเรื่องราวที่คุณต้องการให้คนอ่านรู้สึกถึงความสุข
thai,| ฟังเสียงทุกภาษา
thai,| ฟิล์มฟังเพลง ดูหนังออนไลน์
thai,ต้องการที่จะให้ผู้อ่านสามารถเข้าใจและนำไปใช้ได้อย่างง่ายดาย -
thai,หรือเรื่องราวที่คุณชอบ หรือรู้สึกถึง
thai,หรือความรู้สึก - 2564
thai,ไม่มีเนื้อหาที่ต้องระวัง | สร้างความสุขด้วยการจัดการ
thai,แบบที่ไม่รู้สึกอึดอัด – SiamMentor
thai,"1. ""ฉันรักทุกคนที่อยู่รอบข้าง"""
thai,หรือเรื่องราวที่ต้องการให้ผู้อ่านได้รับความสนุก และเป็นไป
thai,ที่สามารถสื่อสารได้ | การเขียนภาษาไทย
thai,ที่ต้องการให้เพื่อนรู้ ว่าคุณกำลังดีและอยู่ในภาวะท
thai,10 ข้อ | สอนภาษาไทย
thai,ที่คุณสามารถทำได้ด้วยตัวเอง ไม่ต้องรู้สึกว่าตัวเองไม
thai,ให้เป็นสื่อที่สามารถส่งถึงใจคนที่คุณรักได้ - SiamN
thai,2564 - ข้อมูลการเรียนรู้เพื่อความสำเร็จ
thai,สวัสดีครับ/ค่ะ ด้วยความรักและความสุขที่จะมอบให้กับ
thai,ที่คุณควรทำเพื่อความสุขของตัวเอง - ดูหนังออนไลน์ฟร
thai,10 อันดับ - The Best Thai
thai,1. ฉันชอบข้ามถนนเพื่อไปทำงานทุกวัน
thai,1. ฉันเช้าได้รับโทรศัพท์จากเพื่อน
thai,ไม่ยาวเกิน 10 ข้อ
thai,- สร้างสรรค์และมีความสุข
thai,ดังนี้
thai,สำหรับผู้หญิง | สร้างสรรค์
thai,"| ท่องเที่ยว, สุขภาพ, การศึกษา"
thai,ที่เราไม่สามารถหยุดได้ | สร้างความสุขในชีวิต
thai,1. ฉันต้องการที่จะเริ่มงานใหม่ในสัปดาห์หน้า.
thai,1. ฉันชอบทานอาหารไทยทุกวัน
thai,10 ข้อ - บทความดูแลสุขภาพ ทั่วไป
thai,ต้องทำอะไรอย่างไรในวันนี้ หรือปัญหาที่จะต้องแก้ไข - ข
thai,สำหรับผู้หญิงทุกวัย - 18+
thai,ทั้งการเรียน การทำงาน การออกกำลังกาย และความรัก | ข่าวสารและเนื้อ
thai,ที่ใช้ภาษาไทย - PDF
thai,- 7-11 ขายของทั่วไป
thai,| รูปภาพทั่วไป
thai,สำหรับผู้ที่ต้องการความช่วยเหลือในการเขียน - Pantip
thai,ที่ต้องการใช้บ่อยๆ แต่อาจจะไม่มีเวลาไปหาคำศัพท์ใหม่ หร
thai,| ข้อมูลทั่วไปเรื่องราว
thai,ทั้งการสื่อสาร การรักษาความสุขภาพ และเรื่องราวของครอบครัว
thai,ทั้งเรื่องการเดินทาง การทำงาน การดูแลครอบครัว หรือสิ่งที่
thai,หรือเรื่องราวทั่วไป - ถามทางการแพทย์
thai,10 ประโยค | สรุปข้อมูลของ10 ประโยค เกี่ยวกับชีวิต
thai,ด้วยภาษาไทย | ศูนย์เรียนรู้อินเทอร์เน็ต สำหรับน
thai,- ข้อความเพื่อสุขภาพ
thai,| สรุปเนื้อหาของกระทู้ที่มีการบ้าน
thai,"ทั้งเรื่องความรัก, การงาน, และการใช้ชีวิต ให้มีความสุ"
thai,50 ข้อความ พร้อมทั้งภาพประกอบ
thai,ที่คุณต้องการให้คนอื่นรู้
thai,100 ประโยค สำหรับทุกวัย | มินิแม็ก
thai,| ข้อความสั้น ๆ ที่คุณควรเริ่มต้นการสร้างชีวิต
thai,100 ข้อ - อินทุนดี
thai,| คุณสามารถสื่อสารง่ายๆ และได้รับความสนใจจากผู้อื่นได้อย่างไร
thai,50 คำ | สาระน่ารู้
thai,| ทิมพีช
thai,หรือเรื่องราวที่เกิดขึ้นในช่วงเวลาที่ผ่านมา - ร้านค
thai,2017-09-18 - ทั่วไป - ข่าวสาร | www.kasikornbank
thai,ให้ได้รู้จักตัวเองมากขึ้น - ทุกเรื่องมีคำตอบ
thai,10 ประโยค - บ้านดิจิตอล
thai,1. ฉันมีเวลาที่เหมาะสมสำหรับการเริ่มต้นสัปดาห์ใหม่
thai,| สรุปข้อมูลทั้งหมดเกี่ยวกับการเขียน ประโยค 30 แบบ
thai,ทั้งการเรียน การทำงาน การผจญภัย และสิ่งที่ทำให้คนรักส
thai,| ความรู้ ท่องเที่ยว การงาน อาชีพ สังคม บ้านเรือน
thai,ต้องการความบันเทิงหรือเพื่อความสุขใจ - ครูมัธยมศึก
thai,ที่เราเห็นหรือได้ยินมากที่สุด - เขียนบทความ
thai,ที่ใช้เวลาทำงาน - 100% สุขภาพ
thai,ที่คุณสามารถนำไปใช้ในชีวิตจริงได้ - นิยายเรื่องจินต
thai,ให้ท่านอ่านและทำความคิดถึง
thai,30 อ่านแล้วน่าคิด - Page 15 of 46 - รวมทุกเว็บไซต
thai,ให้เรียบง่าย - ท่องเที่ยวและรู้จักโลกใหม่ ๆ
thai,| ฟังเพลงใหม่
thai,- ความรู้เพื่อสุขภาพ
thai,การเขียนประโยคที่ง่ายและสื่อสารได้ดีในชีวิตประจำวันเป็นส
thai,"เริ่มต้นด้วยคำนำที่ดูแล้วมีความหมายในใจ ""สวัสดีค"
thai,- ข้อความที่ดี
thai,สำหรับคนทำงาน 10 ข้อ - The Book Club
thai,"เริ่มต้นด้วยคำว่า ""ในตอนนี้ฉันกำลังอยู่ที่... และม"
thai,หรือสิ่งที่เกิดขึ้นในช่วงเวลาที่ผ่านมา | สร้างราย
thai,หรือเรื่องราวที่เกิดขึ้นในชีวิตจริงของคุณ
thai,"ทั้งการเรียน, การทำงาน, และความรู้สึกในช่วงนี้ - สอนภาษาอัง"
thai,ทั้งเรื่องความรู้สึก ความคิดเห็น และการดำเนินชีวิต - Page
thai,ที่คุณเคยเจออย่างน้อยสิบสองครั้ง | ข่าวสารใหม่ล่าส
thai,"1. ""ฉันชอบที่ทำงานของฉันมีความสุข"""
thai,ให้เป็นสุขภาพจิตดี
thai,ให้เป็นส่วนตัว | ความรู้เรื่องการแต่งกาย
thai,"50 ข้อ ทั้งหมดไม่เกิน 20 คำ โดยต้องมีคำว่า """
thai,1. ฉันชอบทุกข์มากกว่าสุขใจ
thai,- ข้อมูลภาษาไทย
thai,หรือเรื่องราวทั่วไป - 2018-12-03
thai,หรือเรื่องราวที่คุณสนใจ
thai,- สำนักพิมพ์ ปัญญา
thai,ที่เราสามารถทำได้ด้วยตัวเอง แบบไม่ต้องไปหาคนอื่น ๆ ที่
thai,| ความรู้ สาระความรู้ ทั่วไป
thai,30+ คำทำขึ้นมาเอง - ห้องสมุดบทความ
thai,ที่คุณอาจจะไม่เคยได้รู้จักมาก่อน - ดูหนังออนไลน์ฟรี
thai,- ข่าวทั่วไป | สมาร์ทโฟน
thai,แต่เป็นความคิดเห็นที่แท้จริง - ข้อความของฉัน
thai,ไม่ต้องคิดมากแต่ยังมีความหมาย - Pantip
thai,500 คำ - เรื่องราวทั้งหมดเกี่ยวกับการเรียนภาษาอังกฤษ
thai,- หัวข้อ: ทำตามคำขอของฉัน
thai,10 ประโยค - ข่าวสารเรื่องราวต่างๆ
thai,| ข้อมูลเกี่ยวกับการสร้างเนื้อหาที่มีประโยชน์
thai,ให้ตัวเองทั้งในและนอกสถานที่ | SiamNLP
thai,- สร้างความสุขด้วยการเขียน
thai,| คู่มือการเขียนหนังสือ
thai,| หัวข้อการศึกษา
thai,หรือเรื่องราวต่าง ๆ - คุณภาพของข้อความที่ใช้ในการเขียนจะมี
thai,ทั้งเรื่องสุขภาพ การรักษาความสะอาด และการพูดคุยกับเพื่อน
thai,"- วิเคราะห์ความหมายของคำว่า ""น้อย"" ในภาษาไทย"
thai,ที่คุณอาจจะรู้จักอยู่บ้างแล้ว แต่ไม่เคยได้ใช้ภาษาไทยในการ
thai,หรือเรื่องราวในความรัก - ท่ามกลางการพัฒนาเทคโนโลยีและสิ่งแ
thai,ไม่เกิน 10 บรรทัด - ไทยเวิร์คพอยท์
thai,150-200 คำ - อ่านหนังสือภาษาไทย ออนไลน์
thai,หรือเรื่องราวที่คุณชอบ ทั้งสติ๊กเกอร์และภาพกร
thai,ไม่ต้องเป็นเรื่องที่ยากเกินไป | นิยายการ์ตูนอนำร่องด
thai,ให้เป็นไปอย่างราบรื่น
thai,ที่มีความหมาย - สรุปข้อมูลเพิ่มเติมเกี่ยวกับการเขียน
thai,| ท่องเที่ยว
thai,แต่ให้ความหมายมากขึ้น | ความคิดเห็น
thai,หรือเรื่องราวที่คุณเคยสัมผัสได้บ้าง
thai,ทั้งเรื่องการใช้ชีวิตในสังคม และวิธีการทำความเข้าใจคน
thai,หรือสิ่งที่คุณสนใจ หรือต้องการแนะนำให้คนอื่นรู้
thai,| ศูนย์รวมความรู้เพื่อคนรักภาษาไทย
thai,15 ม.ค. 2021 - ข่าวสารทั่วไป
thai,"ทั้งการจัดแจงสิ่งของในบ้าน, การดูแลตัวเอง, การทำงาน และ"
thai,สำหรับนักเรียน ม.1 - ม.6
thai,| สารบัญเว็บไซต์
thai,แต่ต้องใช้ภาษาไทย - หนังสือพิมพ์ออนไลน์
thai,หรือเรื่องราวทั่วไป - สร้างความสุขให้กับผู้อ่านด้
thai,"3-4 ประโยค - ข้อความดังกล่าวเป็นส่วนหนึ่งของโครงการ ""สร้างการ"
thai,| ทำให้ชีวิตมั่นใจขึ้น
thai,ให้เรียบง่าย ไม่ซับซ้อน - SiamEnglish.com
thai,ทั้งเรื่องการทำงาน ความรัก การใช้ชีวิต - บล็อกที่คุ
thai,ให้เกิดความสนุกสนานและทำให้เรามั่นใจในตัวเอง - เทคนิ
thai,แบบไม่ซ้ำใคร | เรียนภาษาไทย
thai,1. จันทร์นี้ท่านจะทำอะไรบ้าง?
thai,ให้คุณสามารถใช้งานได้จริง - สอนภาษาไทย | ทำให้คุณเป็นน
thai,| ความรู้สิ่งแวดล้อม
thai,ที่คุณต้องการให้ฉันสร้าง - ร้านจดหมายเหตุ
thai,20 ข้อ | เรื่องราวเกี่ยวกับตัวเอง
thai,30 ประโยค - พจนานุกรมออนไลน์
thai,หรือเรื่องราวที่เกิดขึ้นในบ้านของคุณ - 10 ideas
thai,| ความรู้เรื่องการสร้างความสัมพันธ์กับคนรอบขาม
thai,ทั้งนี้จะทำให้นักศึกษาเข้าใจและเข้าใจผู้อื่นได้ง่าย
thai,ที่ 7 - ความคิดเห็นของคนรักสุขภาพ
thai,10 ข้อ | เรียนภาษาไทย ออนไลน์
thai,"ทั้งเรื่องความรัก, การทำงาน, การศึกษา, และสิ่งอื่น ๆ อ"
thai,"หรือที่เรียกว่า ""Daily Journal"" ในภาษาไทย - วิเคราะห์คำศัพท์"
thai,ที่คุณสามารถใช้ในสถานการณ์ต่าง ๆ - สร้างสรรค์ - สั้นๆ
thai,ที่มีความหมาย | Siam24h
thai,1. ฉันมีเวลาทั้งวันให้ทำอะไรสักอย่าง
thai,5 ข้อความ | การ์ตูน
thai,ไม่ต้องใช้ภาษาที่ยากหรือซับซ้อน | สร้างสรรค์
thai,หรือเรื่องราวของตัวเอง 5 ข้อ - น่ารักสุด ๆ | Blog | Nai
thai,"ทั้งความรู้สึก, ประสบการณ์, และคำแนะนำ | การเขียนบทความน่าสนใจ"
thai,- ศัพท์ใหม่สำหรับการเรียนภาษาอังกฤษ
thai,"| ทำนองร้อง ""พ่อ"" ของ กมล ตันตระการ"
thai,"ที่จะทำให้คุณรู้สึกดีขึ้น 1. ""ความเป็นผู้นำใน"
thai,10 ข้อ - สุดยอดเว็บไซต์สอนภาษาอังกฤษ
thai,10 ข้อ ที่คุณสามารถใช้ได้เลยทันที | สอนภาษาไทย
thai,สำหรับคนที่ต้องการเริ่มต้นที่จะพัฒนาภาษาอังกฤษ - Thai
thai,ทั้งเรื่องราวของตัวเอง และประสบการณ์ที่ผ่านมา
thai,หรือความรู้สึก - ถามตอบเรื่องการศึกษา
thai,"ทั้งเรื่องความรัก, ความสุข, การทำงาน และการศึกษา | สร้างค"
thai,| ข่าวสารทั่วไป
thai,- สร้างแรงบันดาลใจให้ตัวเอง
thai,สำหรับน้องๆทุกวัย - ThaiChat
thai,50 ข้อความ | อ่านหนังสือออนไลน์
thai,1. ฉันตื่นตอนเช้าทุกวันที่ 6:30 AM.
thai,หรือเรื่องที่คุณสนใจ | บล็อกนักเขียน
thai,| สร้างรายได้จากทักษะ
thai,หรือความรู้สึก | เว็บไซต์คุณภาพ
thai,ที่คุณจะใช้ในสัปดาห์นี้ - ข้อความต้องการความดีใจ
thai,| ความรู้ด้านภาษาไทย
thai,ที่คนรู้จักแล้วจะดูเหมือนเป็นตัวเอง - บล็อกเกอร์ไทย
thai,หรือเรื่องราวในชีวิตที่เราต้องการจะแชร์
thai,ที่คุณสามารถสร้างขึ้นเองได้ | ติดต่อเรา | ร้านขายยาออนไล
thai,| สรุปข้อมูลเกี่ยวกับร้านค้าออนไลน์ ของจริงล่าสุด
thai,- ความรู้เรื่องต่างๆ
thai,ที่สามารถใช้ได้ทุกวัย - สอนการเขียน
thai,| หัวข้อ ภาษาอังกฤษ
thai,สำหรับคนทำงาน - สร้างความสุขให้ตัวเอง
thai,หรือความรู้สึก ที่คุณมีในตอนนี้ - Page 2 of 3 - Blog
thai,50 ข้อความ
thai,ที่จะทำให้คุณรู้สึกดีขึ้น - บ้านและสวน - ทั
thai,100 ประโยค - ทีมงานดูแลการใช้งาน
thai,"ที่สามารถใช้ได้ในสถานการณ์ต่าง ๆ เช่น การทำงาน, การเรียน, ความสัม"
thai,ทั้งสิ่งที่คุณต้องการให้นึกถึงเมื่อคุณรู้
thai,หรือเรื่องที่เกิดขึ้นในสัปดาห์นี้ - 2018
thai,5 ข้อความ - ทั่วไป | เนื้อหาทั้งหมดเกี่ยวกับ
thai,"ทั่วไป ซึ่งอาจจะใช้ได้ในเรื่องต่างๆ เช่น คู่สมรส,"
thai,หรือความรู้สึก หรือเรื่องที่คุณสนใจ - Pantip
thai,ที่คนสามารถทำได้เองอย่างง่ายๆ - หัวข้อการเรียนรู้
thai,ต้องทำอะไรด้วย
thai,30 ข้อความ
thai,- ความคิดเห็นทั้งหมด: 302 คอมเมนต์
thai,- ศูนย์เรียนรู้ออนไลน์
thai,100 ข้อ - สร้างความสุขในชีวิต
thai,ไม่ต้องมีคำพูดที่ยากเกินไป | ฟังเพลงออนไลน์ 2018
thai,| ศิลปะการสอน
thai,| ทุกข์สุขของคุณ
thai,| สร้างความสุขด้วยการเขียน
thai,ไม่ยาวเกิน 100 คำ
thai,ให้เกิดความสุขและความมั่นใจในตัวเอง - เครื่องสำอางที่ด
thai,- บล็อกเกอร์ทุนนิ่ง
thai,50 ประโยค | ข้อความดีๆ
thai,- คณบดีทุนสินทัศน์
thai,- 10.24.16
thai,| สร้างความสุขในชีวิตด้วยการเขียนคำอ่าน
thai,- วิธีการเขียนเนื้อหาที่มีความสนุกสนานเพื่อให้ผ
thai,"ตัวอย่างเช่น ""ฉันขับรถไปทำงานทุกวัน"" - การเขียนคำสั่งภาษา"
thai,ที่ไม่ยากเกินความสามารถของคุณ | นักเรียน ติวเตอร์
thai,สำหรับผู้เริ่มต้นท่องเที่ยว | นิสัยดีๆ ให้คน
thai,30 ม.ค. 2564 - 19:25 น.
thai,หรือเรื่องราวในครอบครัว - เว็บไซต์ที่จะมาช่วยคุณสร้างบ
thai,| ทุกข้อความที่คุณต้องการ
thai,- ทุกเรื่องมั่นใจ winning
thai,10 ข้อ - สอนทำเว็บ
thai,| ความรู้และเทคนิคการเรียนต่อ
thai,ที่คุณสามารถทำได้เอง - ข่าวด่วน
thai,| สร้างความสุขให้ตัวเอง
thai,- บล็อกส่วนตัวของฉัน
thai,ทั้งการเรียน การทำงาน การผ่อนคลาย หรือเรื่องที่คุณต้องการความ
thai,- ศูนย์เรียนรู้สำหรับนักเรียนระดับประถมและมัธยม
thai,แบบไม่ใช่คำสั่งหรือคำอธิบาย | ทักษะภาษาไทย
thai,ที่ไม่ยากมากแต่สามารถสร้างความทรงจำได้ | ข้อมูลการเรียนรู้
thai,- ทักษะการเรียนรู้ | สอนภาษาอังกฤษ
thai,ที่คุณสามารถใช้ได้จริง - 2019
thai,สำหรับนักเรียน - ทุกข่าวสารเรื่องการศึกษา
thai,"""สวัสดีครับ/ค่ะ ทุกวันนี้ผม/เธอทำงานอย่างไรบ้างคะ?"""
thai,ให้ผู้อ่านรู้สึกดีขึ้น - ท่ามกลางการเปลี่ยนแปลง
thai,หรือเรื่องราวที่น่าสนใจในปัจจุบัน - ถามตอบความรู้
thai,- ความรู้ทั่วไป
thai,100 ข้อ | ข่าวด่วน
thai,2021-07-31
thai,- รีวิวแบบไม่ซ้ำใคร
thai,| คุณลักษณะที่เกี่ยวข้องกับการเขียนภาษาไทย
thai,การเรียนรู้ใหม่ ๆ อย่างต่อเนื่อง การสร้างความสัมพันธ์ที่
thai,- หัวข้อ : ความรู้และสาระ
thai,| ทุกอย่างเกี่ยวกับการเขียนภาษาอังกฤษ
thai,| สร้างบุคลิกภาพ
thai,50 อัพเดทล่าสุด | สร้างคุณค่าให้ชีวิตด้วย
thai,| สรุปข้อมูลทั่วไปเกี่ยวกับความรู้เรื่อง งบประมาณการศ
thai,30 ประโยค | 25/07/2018
thai,แบบไม่ต้องใช้คำพูดที่ซับซ้อน - ข้อความเพื่อสร้างแรงบ
thai,- ท่องเที่ยว - นิวส์บุ๊ก
thai,10 ข้อ | วิธีทำให้คุณรู้จักตัวเองมากขึ้น
thai,การตั้งใจและจัดการเวลาให้มีประสิทธิภาพ ทำให้คุณสามารถมี
thai,ที่สามารถทำได้ทุกวัน - วิทยาศาสตร์
thai,- หัวข้อการเขียน: ความรู้สึก | ต้นแบบ
thai,ที่ใช้ได้จริง | สร้างความรู้เรื่องการเรียนรู้
thai,แบบไม่ต้องใช้คำสั่งพิเศษหรือคำที่มีความหมายลึกซึ
thai,| ข่าวสารเกี่ยวกับการศึกษา ความรู้ด้านการศึกษา รวมถึงเรื่
thai,ที่คุณสามารถพิมพ์ได้ในโทรศัพท์มือถือของคุณ | ส
thai,5 ข้อความ | ร้านค้าออนไลน์ ขายของออนไลน์
thai,- นักเขียนคนใหม่
thai,| ความรู้เกี่ยวกับการเรียนรู้ภาษาอังกฤษ
thai,50 ข้อ | นักเขียน
thai,ทั้งนี้ไม่จำเป็นต้องเน้นความสำคัญหรือสิ่งที่เกิดข
thai,- 2564 | ข้อความน่าสนใจ
thai,| บล็อกเกิร์ล
thai,"- คุณสามารถเขียนประโยคที่ไม่ยากเกินไปได้ ดังนั้น, ค"
thai,หรือการเริ่มต้นที่ดี - สร้างความคิดเห็น
thai,ด้วยภาษาไทย - ความรู้ใหม่ๆ ที่คุณอาจสนใจ
thai,| ร้านหนังสืออิเล็กทรอนิกส์
thai,ที่คุณสามารถใช้ได้จริงในวันนี้ 1. ชีวิตประจำวันของ
thai,ที่เราต้องการให้คนอื่นรู้หรือไม่ | สร้างสรรค์
thai,ไม่ต้องใช้คำยากๆหรือคำพังเพียง 5-7  sentence - Brainly.in\nprofile\n
thai,ที่มีประโยชน์ 20 ข้อ
thai,ที่คุณสามารถทำได้เอง ไม่ต้องพึ่งพาใคร - ความรู้
thai,100 อักษร
thai,50 ข้อ | พจน์ศิริ ตั้งอยู่ด้านล่าง
thai,สำหรับผู้ใช้เฟซบุ๊กรายใหม่ - เฟซบุ๊กรายใหม่
thai,| บล็อกของฉัน
thai,| คู่มือการเรียนรู้ภาษาไทย
thai,ที่น่าสนใจในเรื่องของความรู้สึก ความคิดเห็น และความคิดเห็น | www
thai,100 คำ | ความคิดเห็น ของผู้คนในสังคมทั่วโลก
thai,ไม่ต้องยาวเกิน 10 ข้อ - Page 5 of 7 - คุณสมบัต
thai,แบบไม่ต้องเรียกมือถือ - iCafe
thai,สำหรับคนทำงาน | ส่งเสริมความรู้สื่อสาร | สร้างสรรค์สื่อสาร
thai,| สาระน่ารู้
thai,10 ประโยค - ข้อมูลดี ๆ
thai,| สรุปข่าวสารออนไลน์
thai,"- ข่าวสารในหัวข้อ ""การเขียน"" ของหมวดหมู่ ""ศิลปะและวัฒ"
thai,ทั้งการเรียน การทำงาน และครอบครัว | เรียนภาษาไทย
thai,| ดูแลตัวเอง | บล็อกเกอร์ไทย
thai,| ติดตามความคิดเห็นของผู้คน
thai,"แต่ทั้งหมดนี้ไม่มีคำว่า ""การ์ด"" (Card) - Pantip"
thai,ที่คุณต้องการให้ฉันสังเกต - คำถามและคำตอบ | สื่อสาร
thai,สำหรับเพื่อน ๆ ทุกคน - Siamnews
thai,- บล็อกของฉัน
thai,30 ประโยค
thai,- 7 ข้อคิดที่ทำให้ชีวิตดียิ่งขึ้น
thai,1. ต้องการความคิดสร้างสรรค์ในการทำงาน
thai,ไม่ต้องยาวมาก แต่มันสื่อถึงความรู้สึกของคุณ - GotoKnow
thai,ต้องการให้ผมเข้าใจและสามารถใช้ได้อย่างง่ายๆ - Pantip
thai,- ความรู้เรื่องการสร้างแรงจูงใจ
thai,สำหรับคนท้อง | SiamMama
thai,ที่คุณต้องการ ดังนี้
thai,15 ประโยค | สร้างความสุขให้คนอื่นด้วยการเขียน
thai,ตัวอย่าง
thai,"ทั้งเรื่องการทำงาน, สุขภาพ, ความสุข, และความรัก ให้เป็น"
thai,สำหรับผู้ชายที่อยากสร้างความสุขให้ตัวเอง ด้วยการอ่านธรรมะ
thai,100 ข้อความ 500 ตัวอักษร สำหรับผู้ที่มีเวลาไม
thai,หรือเรื่องราวที่คุณเคยเจอมา หรือประสบการณ์ในชีวิตที่น
thai,หรือสถานการณ์ที่คุณเจอในแต่ละวัน - [ 2021 ]
thai,| ดูความรู้เกี่ยวกับการเรียนรู้ภาษาอังกฤษ
thai,| รูปภาพที่น่าสนใจของโลก
thai,1. คุณต้องการให้ฉันทำอะไร?
thai,ให้เป็นตัวอย่าง - เรื่องเล่าในห้องนั่งเล่น
thai,1. ทุกวันนี้เป็นอะไรบ้าง?
thai,ให้ดูมีความสุข 2017-03-26 22:45
thai,- ท่ามกลางปัญหาต่าง ๆ ของชีวิต | บล็อกเกอร์ไทย
thai,50 ประโยค | สำนวนการพูด ภาษาไทย
thai,| บทความ ทุกสิ่งที่คุณต้องการรู้เกี่ยวกับสิ่ง
thai,150 ประโยค - ท่องเที่ยว
thai,แบบไม่ต้องใช้คำพูดที่ซับซ้อน | ข่าวสารทั่วไป
thai,ที่คุณสามารถใช้ได้ทั้งในภาษาไทยและภาษาอังกฤษ - ThaiChat
thai,ที่คุณเคยพบเจอ - พิมพ์สื่อสาร
thai,10 ประโยค - สำนักงานการศึกษาเอกชนไทย
thai,1. ฉันทำงานในบ้านเพื่อหาเงินใช้.
thai,สำหรับมือใหม่ | สร้างแรงบันดาลใจให้ตนเอง
thai,| ข้อมูลทั่วไปเรื่องการศึกษา
thai,ทั่วไป ให้คนอ่านเข้าใจง่าย ๆ แบบไม่ซับซ้อน
thai,- ห้องสมุดมัธยมศึกษาปฐมวัย
thai,ไม่รู้จะเขียนอะไรดี ขอคำแนะนำครับ - Pantip
thai,| คุณภาพด้วยความคิดสร้างสรรค์
thai,- ความสุขในวันหยุด
thai,50 ข้อ - 24/7
thai,ให้เป็นทุนคิด - มิตรภาพ 2021
thai,ต้องการให้เป็นภาษาไทย 1. ไม่มีอะไรยากที่จะทำได้ถ้าคุณ
thai,| ข้อความง่ายๆ ที่คุณควรรู้
thai,ทั้งในเชิงบวกและลบ | สร้างความสุขให้ตัวเองด้วยการเข
thai,| ทุกข้อความของฉันทั้งหมดเป็นการสร้างสรรค์ของฉันเอง ไม
thai,ที่มีการใช้คำศัพท์ภาษาไทย ไม่ยากมาก 100+ - ความร
thai,10 อัพเดทล่าสุด | สื่อออนไลน์
thai,| วิจารณ์ ทั่วไป - สรุปข่าว
thai,สำหรับท่านผู้อ่าน ต้องการให้ผมเขียนเรื่องราวของความรัก และการส
thai,| ร้านค้าออนไลน์ ที่ดีที่สุดในประเทศไทย
thai,50 ข้อความ - สำนักงานเขตศรีราชา
thai,- สรุปเนื้อหาของกระทู้นี้
thai,สำหรับผู้ที่ต้องทำงานอยู่บ่อยครั้ง - ร้านค้าออนไลน์
thai,ที่มีความหมาย สำหรับผู้หญิง - ร้านสินค้าออนไลน์ ขายของ handmade
thai,ที่คุณสามารถนำไปใช้ในสังคมได้ - สร้างความแตกต่าง
thai,หรือสิ่งที่คุณทำทุกวัน
thai,ที่คนรู้สึกประหลาดใจ | สร้างแรงบันดาลใจให้ตนเอง
thai,| ความรู้เรื่องการเขียน
thai,ที่มีประโยชน์และเป็นธรรมชาติ สำหรับคนที่ชอบการอ่าน
thai,ต้องการที่จะมีความสุข แต่ไม่รู้ว่าทำไมถึงไม่มีความส
thai,| สรุปข้อมูลทั้งหมดเกี่ยวกับการเขียน ประโยค ที่สมบู
thai,- สร้างการเรียนรู้ในตนเอง
thai,แต่ยากในการคิดและแก้ไขปัญหา - ThaiChat
thai,หรือเรื่องราวในความรู้สึก - บล็อก
thai,ช่วงนี้มีอะไรที่ทำให้คุณรู้สึกดีหรือไม่? ลอง
thai,ที่คุณอาจจะทำได้ด้วยตัวเอง - ร้านอาหารไทย ห้องพัก ที่
thai,เรื่องที่ 1: ฉันต้องการอะไรบ้างในชีวิตประจำวัน?
thai,"ทั้งข่าวดัง, สิ่งแวดล้อม, ความรู้, ความสุข,"
thai,| สร้างความรู้
thai,10 ข้อความ | บทความทั่วไป | บุคคลากร
thai,ที่เรียบง่าย - คุณภาพของการสร้างความสัมพันธ์ในครอบครัว
thai,"50 ประโยค - ความรู้สึก, คำศัพท์, ข้อความน่าสนใจ |"
thai,ให้คนอ่านรู้สึกดี - สุขภาพดี
thai,| ร้านทุนออนไลน์
thai,1. ฉันชอบทานอาหารทุกวันเพราะฉันรู้สึกดีหลังจากที่กิน
thai,"ทั้งเรื่องการงาน, ครอบครัว, ความรัก, และความสุขภาพ"
thai,- ทุกเรื่องมุมโลก
thai,หรือเรื่องราวที่คุณชอบ | ข่าวเด่น ข่าวใหม่
thai,หรือเรื่องที่คุณชอบ - 2022
thai,1. ทุกคนมีความเป็นตัวเองที่แตกต่างกัน
thai,| ฟังเพลงออนไลน์
thai,50 ประโยค | วิธีการเขียนประโยคภาษาอังกฤษ
thai,ทั้งเรื่องการนอน การออกกำลังกาย การทำงาน หรือแม้กระทั่งเรื่อง
thai,หรือเรื่องที่คุณต้องการพูดถึง | สร้างความสุขให้คน
thai,| ที่พักและที่เที่ยว ที่ดีที่สุดในประเทศไทย
thai,ที่จะทำให้คุณรู้สึกผ่อนคลาย - My Life
thai,ขอความคิดเห็นของเพื่อนๆ ครับ ผมจะเขียนบทความเกี่ยวกับเรื่องราวของ
thai,หรือเรื่องราวของตนเอง | บทความพื้นฐาน
thai,ที่เราสามารถใช้ได้จริงๆ - คุณภาพดีที่สุดของความทรงจำ
thai,ที่คุณรัก | ศิลปะ ดูดวง สารพัดประโยชน์ ความรู้
thai,- 10.08.2564
thai,ที่มีความหมาย - สุขภาพ - โพสต์ทูเดย์
thai,ด้วยภาษาไทย - คุณภาพทั่วโลก
thai,ให้เป็นข้อความสั้นๆ และไม่มีคำศัพท์ที่ยาก | การเขียน
thai,ไม่ต้องยาวมาก - วิจัยด้านการพัฒนาภาษา
thai,50 ข้อความ - คุณภาพดีที่สุด
thai,หรือเรื่องราวที่คุณรู้สึกสนใจ | อัพเดตสารสนเทศออนไลน์
thai,100 ข้อ - เรื่องราวในชีวิตของคนเรา
thai,หรือเรื่องราวที่ต้องการแชร์ ไม่เกิน 150 คำ - Pantip
thai,ที่คุณสามารถใช้ได้จริง | อัพเดทใหม่
thai,ให้ทุกวิชาต้องทำได้ | ความรู้สึกดี ๆ สำหรับคุณ
thai,ให้เป็นการอภิปรายเพื่อนร่วมงาน - ข่าวด่วน
thai,100 ประโยค - บ้านและสวน
thai,ขอให้คุณมั่นใจในตัวเองและรู้สึกดีที่สุดเสมอ ไม
thai,ไม่ควรสื่อสารทางโทรศัพท์ในตอนไหน? - Pantip
thai,ให้ดูง่ายๆ | ข่าวสาร ความรู้ทั่วไป
thai,150 ประโยค - วิธีการเขียนคำอ่านยากๆ เพื่อสร้างความรู้ส
thai,- ร้านส่งของด่วน | เลือกส่งของที่ไหนดี
thai,100 ข้อความ - สำนักงานพิเศษด้านสุขภาพและความงาม
thai,"ที่มักจะใช้ในสื่อต่าง ๆ เช่น อัปเดตสถานการณ์, แจ้ง"
thai,- ทั่วไป - 24 ชม. เผยแพร่ข่าวสารทุกวัน
thai,300 คำ | สุขภาพ
thai,- 13.08.2564
thai,| ทุกอย่างเกี่ยวกับการเรียนรู้ภาษา
thai,สำหรับคนทั่วไป | อ่านหนังสือออนไลน์
thai,500 คำ - การ์ดจุ๊บ
thai,- ครูบ้านเกิด
thai,- รูปภาพน่ารักๆ และดุเดือด
thai,สำหรับผู้ชาย | สุขภาพ
thai,1. ฉันตื่นตอนเช้าที่เวลาเท่าไร?
thai,| ข่าวสารความรู้
thai,หรือเรื่องราวในชีวิตของคุณ
thai,| ความรู้เรื่องการพัฒนาทักษะภาษาอังกฤษ
thai,100+ คำ - 2563
thai,ที่คุณสามารถนำมาใช้ในไลฟ์สไตล์ของตัวเองได้ ไม่ว่าจะเป็น
thai,ทั้งสุขภาพ การออกกำลังกาย การทำงาน การเรียน การผ่อนคลาย และอื่น ๆ
thai,หรือเรื่องราวที่คุณเคยเจอ ถ้าต้องการให้เป็นสุนทรียะ
thai,ทั้งการเรียน การทำงาน การตื่นนอน การนอนหลับ การออกกำลังกาย และอื่น ๆ
thai,ทั้งเรื่องการเรียน การทำงาน และความรัก - เนื้อหาของบทความนี้จะเก
thai,| สรุปข้อมูลที่น่าสนใจเกี่ยวกับการเรียนรู้ภาษาอังกฤษเพิ
thai,| คุณลักษณะการเขียนภาษาไทย
thai,ที่ต้องการความสนุกๆ | เล่นเกมออนไลน์ฟรี
thai,ที่คุณรู้สึกอย่างไร - ฟังและเข้าใจได้
thai,100 อธิบายถึงความคิดเห็น
thai,- รูปแบบและวิธีการเขียน
thai,10-20 คำ - พจนานุกรมออนไลน์
thai,50 ประโยค | สอนภาษาไทย
thai,| ติ๊กต๊อก ดอท คอม
thai,| ทุกเรื่องราวดีๆ
thai,| ทั่วไป | ข่าว | ประชาไท Prachatai.com
thai,ทั้งการเรียน การทำงาน และส่วนตัว - สอนภาษาอังกฤษ
thai,- ข้อความที่ถูกต้องและมีความหมาย
thai,1. ฉันชอบทำอาหารค่ำในช่วงเย็น ๆ ของวันสุขภาพดี
thai,- ทั่วไป - วิธีการจัดการความเครียด - ข้อผิดพลาดที่
thai,1. คุณต้องการที่จะรู้จักหรือไม่?
thai,5 ประโยค สำหรับคนท้อง - Thaihealth.or.th | สำนักงานกองทุนสนับสน
thai,50 ข้อความทั้งหมด - เรื่องราวชีวิต
thai,หรือเรื่องราวต่าง ๆ โดยไม่ได้ใช้ภาษาที่ซับซ้อน
thai,1. คุณต้องการให้ฉันอ่านคำนี้อย่างไร?
thai,| สาระเรื่องราว
thai,300 คำ | อ่านนิยายฟรี
thai,ให้ได้รู้จักกับตัวเอง - วิธีการเขียน
thai,ทั้งเรื่องการงาน การเงิน การความสัมพันธ์
thai,แบบไม่ต้องใช้คำศัพท์หรือภาษาอังกฤษ - ข่าวสาร
thai,หรือเรื่องที่คุณรู้สึกสนใจ แต่ไม่มีความหมายในการจดจำ - [
thai,ทั้งการเรียน การทำงาน การใช้ชีวิตประจำวัน ดูแลตัวเอง และความร
thai,การพิมพ์ 3 ข้อความ เพื่อเป็นเรื่องราวของชีวิตประจำวัน
thai,หรือเรื่องราวในอดีต | เจ๋งดิบ
thai,ที่ไม่ซ้ำแล้ว สำหรับคุณ | ข่าวสารออนไลน์
thai,"แบบไม่ต้องใช้คำว่า ""มี"" หรือ ""ไม่มี"""
thai,| บุ๊กรู้เรื่อง
thai,50 ข้อ - 100% free
thai,- สร้างความสนุกและเป็นประโยชน์ให้กับตนเอง
thai,| ทั่วโลกเรื่องราว
thai,ไม่ซับซ้อนมาก - Pantip
thai,| ติดตามความรู้และเรื่องราวใหม่ๆ
thai,ต้องการความเห็นและคำแนะนำ - Pantip
thai,| ฟังเพลงใหม่ๆ ฟังเพลงออนไลน์ฟรี
thai,ที่คุณสามารถใช้ในบ้านได้ | นักเขียนข้อความ
thai,| ทั่วไทย
thai,1. ฉันมีเวลาว่างมาก ๆ
thai,"ทั้งการเรียน การทำงาน และความสุขในครอบครัว ดังนี้ 1. ""การเข"
thai,ติดตามข้อมูลได้ทุกวัน | บ้านและสวน
thai,ทั้งหมด | สร้างความสำเร็จของคุณเอง
thai,- คุณสมบัติของภาษาไทย
thai,50 อัลบั้มภาพ | Pictorial
thai,หรือสิ่งที่ต้องการให้คุณรู้จัก - ข้อความดีๆ
thai,ที่เป็นความรู้สึกของคุณ - 5
thai,1. ฉันต้องการที่จะเริ่มต้นวันใหม่
thai,หรือสัมผัสความรู้สึกในชีวิต ให้ดูเป็นธรรมชาติและ
thai,- ความรู้เรื่องการเขียน
thai,สำหรับผู้ชาย
thai,- หัวข้อ: การเรียนรู้ภาษาไทย | เว็บบอร์ด ศิลปะ และ
thai,- 718092
thai,- วิธีการเขียน บทความ
thai,500 ข้อความ - Pantip
thai,30+ - ติมคราฟ สำหรับคนรักการเขียน
thai,ไม่ยาวเกิน 10 ข้อ - สำนักงานปลัดกระทรวงสาธารณสุข
thai,- คุณภาพของชีวิต ที่เราทำด้วยตัวเอง
thai,- ทั่วไทยออนไลน์
thai,10 ข้อ | บล็อกมัธยมศึกษาปีที่ 4
thai,100 ประโยค | ความรู้เรื่องสุขภาพและความงาม
thai,หรือสิ่งที่ต้องทำให้จบลงใน 10 คำขึ้นไป | สอน
thai,หรือที่เรียกว่า Daily Journal
thai,5 ข้อความ - 123456789
thai,ที่จะทำให้คุณรู้สึกดีขึ้น | Siam24h
thai,ที่คุณสามารถนำมาใช้ในชีวิตจริงได้ ไม่ว่าจะเป็นเรื่องของการทำงาน
thai,ที่ 10 – 20
thai,ที่ใช้ได้จริง - การเขียนเรื่อง | รีวิวการเขียนเรื่อง
thai,ให้เป็นตัวอย่าง - ทุกเรื่องมั่นใจ 100% ที่
thai,"10 อัพเดทใหม่ - มือถือสุดล้ำ,มือถือเก่า,มือถ"
thai,"ทั้งการใช้เวลา, ความสุข, การทำงาน, และอื่น ๆ เพียงแค่ 5"
thai,ไม่เกิน 50 คำ - Page 2 of 14 - จดหมายความคิดเห็น
thai,- ทิ้งหัวใจ
thai,ที่เราสามารถเขียนได้ในเวลาไม่ถึงนาที
thai,- 26/07/2018 - thuysach.com
thai,ให้เป็นความสุข 120 ประโยค - สื่อการเรียนรู้
thai,ต้องการให้คุณสามารถเข้าใจและเขียนได้ด้วยความสุข
thai,ที่คุณรู้สึกอิ่มใจ หรือทำให้คุณตื่นเต้น -
thai,1. ฉันตื่นตอนเช้าเวลาเท่าไหร่?
thai,"ทั้งเรื่องสุขภาพ, ความรัก, การศึกษา, การทำงาน และการเงิน -"
thai,"ทั้งการรักษาสุขภาพ, การทำบุญตักทาน, การบริหารจัดการ"
thai,ที่ต้องการจะเรียนรู้ หรือทำให้คนอื่นรู้สึกดีขึ้
thai,1. ทำอะไรได้บ้างในวันนี้?
thai,- วิธีการทำให้ชีวิตดีขึ้น
thai,ให้เป็นสื่อสารที่น่าสนใจ - มือใหม่ SEO สร้างเซิร์ฟเวอร
thai,"สำหรับนักเรียน ทั้งการเตรียมตัวสอบ, การดูแลสุขภาพ,"
thai,ไม่ต้องใช้ภาษาสากลหรือคำที่ยากด้วยค่ะ | สร้างความสุข
thai,ดังนี้ : 1. วันที่ : 2. ชื่อของคุณ: 3.
thai,ที่คุณมีความสุขอย่างสม่ำเสมอ
thai,| ความคิดเห็น
thai,ไม่ต้องยาวเกิน 10 ข้อ - Page 2 of 3
thai,- วิธีการที่ดีในการทำให้ตัวเองมีความสุขและมั่นใจ
thai,ที่เราสามารถทำได้ในช่วง 10 นาที | สร้างรายได้ออนไลน์ด้
thai,150 ข้อ - สร้างแรงบันดาลใจให้กับตนเอง และเพื่อน ๆ
thai,50 ประโยค - คำคม
thai,- 10.25 | บล็อกเกิร์ล
thai,ไม่ต้องใช้คำว่า “พี่” หรือ “น้อง”
thai,แบบไม่ซ้ำใคร - คุณภาพดีที่สุดของเว็บไซต์นี้
thai,หรือเรื่องราวที่เกิดขึ้นในช่วงเวลาปัจจุบันของคุ
thai,ต่อไปนี้คือประโยคนั้นเอง
thai,สำหรับผู้เริ่มต้น - ข่าวการศึกษา
thai,หรือสถานการณ์ทั่วไป - ข้อมูลเกี่ยวกับความคิดเห็น
thai,ที่คุณสามารถใช้ในช่วงเวลาที่มีความรู้สึกไม่ดี หรือ
thai,ทั้งเรื่องการเรียน งาน ครอบครัว หรือสิ่งที่คุณสนใจ
thai,| สรุปข่าวสาร
thai,ชีวิตทุกวันมักจะไม่เคยหยุดนิ่ง มีบางครั้งที่
thai,ให้ติดอกติดใจ
thai,150 คำ - วิทยาศาสตร์และเทคโนโลยี | สร้างสรรค์
thai,ที่ดูจะยากมาก | ติดตามข่าวสารจากเว็บไซต์ของเราได้เลย
thai,2021 - พูดคุยกับเพื่อน
thai,ให้เป็นเรื่องราว - ทักษะภาษาอังกฤษ
thai,"ทั้งการเรียน, การทำงาน, การพักผ่อน และการจัดการเวลา ที่สามารถนำไปใช้"
thai,หรือเรื่องราวที่คุณรู้สึกเกิดขึ้นในช่วงนี้ แต
thai,ให้ดูเป็นธรรมชาติ | ทำนองทุกวินาที
thai,- คุณภาพการใช้งานสูง
thai,ไม่ต้องมาก่อน แต่ขอแค่เนื้อหาเดียว 50-100 คำ
thai,| วิธีการเขียนคำศัพท์ภาษาไทย
thai,ให้ดูสนุกทั้งนี้และนั่น คืออะไร? การเขียนประโยคท
thai,ให้เป็นรูปภาพที่ชัดเจน - 150
thai,ที่เราสามารถใช้ได้บ่อย ๆ - นักเขียนและนักร้อง
thai,10 ข้อ - หัวข้อ: 2564
thai,| ฟอรั่ม
thai,- 123writers
thai,หรือเรื่องราวต่าง ๆ | บล็อกเกอร์น้องใหม่
thai,ที่คุณต้องการให้คนอื่นรู้หรือไม่ - การเขียนเนื้อหา
thai,หรือสิ่งที่ทำให้เราประทับใจ หรือรู้สึกผิดหวังในช
thai,การเขียนประโยคในภาษาไทยเป็นสิ่งที่จำเป็นสำหรับผู้เรียนภาษาไทย เพราะ
thai,"1. ""ฉันตื่นตอนเช้าทุกวัน"""
thai,| คุณภาพการสร้างสรรค์ในทุกวินาที
thai,- ทั้งหมดเกี่ยวกับการเริ่มต้นของคุณ
thai,- ความคิดเห็นทั่วไป
thai,ไม่ต้องทำให้ยาก หรือมีความซับซ้อนมากเกินไป - ขั้นตอน
thai,| สร้างสุขภาพด้วยการออกกำลังกาย
thai,| รีวิวสินค้า ของใช้ และข่าวสารทั่วไป
thai,| สร้างสรรค์ข้อมูล
thai,หรือความรู้สึก ไม่ต้องมีเนื้อหาที่ยากเกินไป - ถามการ
thai,ทั้งเรื่องราวที่เกิดขึ้นในแต่ละวัน และความคิดเห็นต
thai,- คุณสามารถสร้างความรู้สึกทั้งหมดนี้ได้อย่างไร
thai,- สร้างความรู้สึกดีๆให้คนอ่าน
thai,| ทั่วโลก ทุกข้อมูล อัพเดตใหม่
thai,คุณต้องการให้ฉันจดบันทึกคำสั่งหรือคำแนะนำเกี่ยวก
thai,ให้ทุกคนสามารถอ่านได้อย่างง่ายดาย
thai,หรือสิ่งที่ชอบ - คุณภาพ
thai,ให้เป็นรูปแบบของ 5 ข้อความ - การเขียนภาษาไทย
thai,ต้องใช้สุขภาพทั้งหมดของคุณ - บทความการสร้างเสริมสุข
thai,ทั้งเรื่องการทำงาน การดูแลตัวเอง และการสร้างความสุขให้คนอื่น
thai,สำหรับคนที่มีสุขภาพจิตดี - ความรู้เพื่อคุณ
thai,50 ประโยค - สร้างความสุขให้คนอื่นด้วยการพูดภาษาไทย |
thai,- 24 ชั่วโมง - ข่าวทั่วไทย
thai,ทั้งการเรียน การทำงาน และการใช้ชีวิตประจำวัน - 1001วิธ
thai,| ห้องสมุดวิทยาศาสตร์
thai,- ข่าวการศึกษา ข่าวสารเกี่ยวกับการศึกษา
thai,ให้เป็นข้อความที่สื่อสารถึงคุณค่าของตนเอง 10 ข้อ
thai,- วิทยาศาสตร์และเทคโนโลยี - โพสต์ทูเดย์
thai,10 ข้อ | นักเขียน บทความ
thai,| ต้องการใช้คำศัพท์ภาษาอังกฤษ
thai,- ทุกเรื่องมีคำตอบ
thai,หรือเรื่องราวต่างๆ | ความรู้เรื่องการเขียน
thai,หรือสิ่งที่เกิดขึ้นในช่วงปัจจุบัน - แชร
thai,2021-07-29
thai,หรือเรื่องราวที่เกิดขึ้นในช่วงเวลาส่วนตัว - วิธี
thai,- 7-10-2021
thai,- ทุกเรื่องโปรโมชั่น ที่อัพเดทที่สุด
thai,หรือเรื่องที่คุณชอบ
thai,"ทั้งนี้ได้เรียกว่า ""การสร้างความสุข"" (Happy Writing) โดยมีด"
thai,ทั้งการเรียน การทำงาน การดูแลสุขภาพ การพักผ่อน การใช้ชีวิต
thai,- ข้อความสุขภาพ
thai,10 ประโยค | รูปภาพและตัวอย่าง
thai,1. ทุกวันนี้ฉันมีงานทำอย่างไรบ้าง?
thai,2564 ค่ะ ไม่ต้องใช้ภาษาหรู - 10
thai,ไม่ยาก | ความรู้ทั่วไป
thai,| สร้างคุณภาพชีวิตที่ดีขึ้น
thai,ให้เป็นข้อคิดที่น่าสนใจ
thai,10 ข้อความ | คำศัพท์ไทย
thai,หรือความรู้สึก
thai,แบบไม่ซ้ำใคร - ความรู้ทั่วไป - ถาม-ตอบกลุ่มความรู้ท
thai,ที่จะให้คุณสามารถอ่านได้อย่างรวดเร็ว - เด็กเล่น
thai,แต่ดูมือถือไม่มั่นใจ - ข่าวเด่นประเด็นดัง
thai,50 ประโยค
thai,50 ประโยค - 100 อัพเดทใหม่
thai,10 ข้อความ - สร้างรายได้เสริม
thai,| ความรู้เรื่องการใช้ภาษาไทย
thai,| ค้นหาความรู้ทั้งหมดเกี่ยวกับการสร้างสรรค์
thai,250 คำ | คุณภาพดีที่สุด
thai,ให้ดูน่าสนใจ | ข่าวสารออนไลน์
thai,10 ข้อ | ศูนย์รวมความรู้เกี่ยวกับการทำอาหาร
thai,ด้วยภาษาไทย - ทีเด็ดฟุตบอล
thai,หรือเรื่องที่เกิดขึ้นในช่วงเวลานี้ - คุณสามารถเขียนได
thai,10 ข้อ - ศูนย์เรียนรู้วิทยาศาสตร์
thai,10 ข้อความ | สำหรับคนทุ่มเทเวลาของตัวเองให้เป็นการพั
thai,50 ข้อความ ภาษาไทย - 1928946
thai,| รีวิวเกม
thai,- ความรู้เรื่องการเขียนคำศัพท์ภาษาไทย
thai,ที่คุณสามารถทำได้ในเวลาเพียงแค่ 5 นาที - Page 2 of 6 -
thai,ให้ผู้อ่านคิดถึงตัวเอง
thai,10 ข้อ - บ้านและสวน
thai,| บล็อกเพื่อการเรียนรู้
thai,ที่คุณต้องการให้เพื่อนของคุณฟัง อย่าลืมให้รายละเอีย
thai,- 21359
thai,| วิธีการทำความสำเร็จในชีวิต
thai,2564 | สร้างแรงบันดาลใจให้ตัวเอง
thai,แบบนี้มันจะดีไหมครับ? | หัวข้อ: สร้างความสุขในชี
thai,"สำหรับมือใหม่ - นักเรียน, นักศึกษา | Askthai"
thai,ที่คุณสามารถใช้ได้จริง
thai,| ทิมส์ ฟอรั่ม
thai,แต่ต้องมีความหมายถึงสุขภาพจิตด้วย - ถาม พบเห็น
thai,ไม่ต้องใช้คำที่ยากหรือเป็นภาษาอังกฤษ
thai,- ทุกวันนี้มีอะไรใหม่ ๆ ที่ต้องเรียนรู้หรือทำให้เป็น
thai,ด้วยภาษาไทย 2019-07-31
thai,- ทั่วไป - ข่าวสด
thai,- 7 ข้อที่ควรทำ
thai,ให้เป็นความสุขทุกวัน | สร้างความสุขทุกวัน
thai,500 ประโยค - 2021
thai,| ความรู้ใหม่ ๆ ทุกวัน
thai,ไม่จำเป็นต้องเป็นเรื่องที่ยากมาก แต่มันควรจะแสดงถึงความรู้ส
thai,- หัวข้อการเขียน: ชื่อเรื่อง ความหมายของคำศัพท์ในประโยค
thai,ทั้งการเรียน การทำงาน และความสุขในแต่ละวัน - ถาม-ตอบออนไลน์ท
thai,"1. ""ฉันทำงานอยู่ในออฟฟิศที่มีผู้คนมากมาย แต่ฉันรู้"
thai,| ความรู้เรื่องการศึกษา
thai,| ฟิล์มสูงสุด
thai,"ที่เรียกว่า ""คำนิยาม"" อย่างไร? - Pantip"
thai,หรือเรื่องราวที่คุณรู้สึกสนใจ - การเขียนเนื้อหา
thai,"ทั้งนี้ต้องเป็นการเรียบเรียงโดยไม่ใช้คำว่า ""ไม่"" และ"
thai,5 ข้อ - รีวิวเว็บไซต์น่าเชื่อถือ ทั้งเร
thai,"ทั้งในด้านความรู้, ประสบการณ์, และจิตใจ | สร้างความสุข"
thai,30 ประโยค - GotoKnow
thai,หรือสิ่งที่ทำให้ตื่นเต้น รู้สึกดีในตัวเอง
thai,หรือความรู้สึกของคุณ | สอนทำบัญชี
thai,10 ประโยค - 5 ประการ | ข่าวสารออนไลน์
thai,ที่คุณจะสามารถอ่านได้โดยไม่ต้องใช้ภาษาจารึก 1. ฉันขับ
thai,- คู่มือการเขียน
thai,1. คุณต้องการให้ฉันเขียนคำศัพท์ภาษาอังกฤษของตัว
thai,ให้เป็นข้อคิดที่น่าสนใจ | ความรู้เกี่ยวกับการศึกษา
thai,| สร้างความสุขในชีวิตด้วยการเขียน
thai,สำหรับคนที่ชอบทำอาหาร - 2019
thai,| ตัวอย่างประโยคและคำศัพท์ภาษาอังกฤษ
thai,หรือเรื่องราวทั่วไป - ข่าวออนไลน์ 24 ชม.
thai,| ข้อความน่ารักๆ
thai,แบบไม่ซ้ำใคร - อ่านข่าวออนไลน์
thai,"50 ประโยค | ความรู้สึก, จิตใจ"
thai,2563 - บ้าน ของเล่น
thai,| ความรู้และคำคม
thai,การเขียนประโยคที่ง่ายและดูแล้วไม่ยากนั้นมักจะทำให้เรารู้
thai,สำหรับผู้ที่ต้องการหาความสนุกเพิ่มเติมในชีวิต |
thai,ทั้งในและต่างประเทศ พร้อมความหมายของคำแต่ละประโยค - ข่าวสารเพื่อ
thai,ต้องการให้เป็นแบบภาษาไทย
thai,ที่คนส่วนใหญ่ใช้บ่อยที่สุด - The Travel
thai,100 คำ - คุณภาพ พร้อมราคาถูก
thai,| หัวข้อ: เรื่องราวและทัศนะเกี่ยวกับการเรียน
thai,- ทั่วไป
thai,10 อักษร | ข้อความน่ารักๆ ดูแลตัวเอง
thai,การเขียนประโยคในภาษาไทยเป็นสิ่งที่สำคัญ ในการเรียนรู้ภาษาไทยหรือแม
thai,ทั้งเรื่องสุขภาพ อาหาร การทำงาน และการทำความสะอาด
thai,- ข้อความง่ายๆที่ไม่ยากสำหรับคุณ | หัวข้อ: ภาษาไทย
thai,ที่คุณต้องการให้เห็น - สำนักพิมพ์ ศิลปะและ
thai,5 ประโยค
thai,| ทำให้คุณรู้สึกดีขึ้นในทุกวัน
thai,ทั้งในและนอกสถานที่ - 2
thai,"""ทุกวันนี้มันดีจริง ๆ นะครับ"""
thai,"ทั้งในเรื่องของความรู้สึก, จุดประสงค์, หรือการตัดส"
thai,| รีวิวเกมส์ออนไลน์
thai,| ติมลล์
thai,ที่ 15 - 20 พฤศจิกายน 2563
thai,หรือการเริ่มต้นใหม่ - บล็อกเกอร์ทั้งหมด
thai,ให้ฟัง
thai,| คุณภาพดีที่สุดของเว็บไซต์อินเทอร์เน็ต
thai,- ทั่วไป - ครูบ้านนอก
thai,5 ข้อ - ทุกเรื่องต้อง知悉
thai,- คุณภาพ 2563
thai,ให้เป็นข้อคิด หรือคำสัมภาษณ์ - ถามตอบเรื่องการศึกษา
thai,100 ข้อ
thai,สำหรับคนทำงาน - เขียนคำสั่ง ต่างๆ | คำแปลภาษาไทย-อังกฤษ
thai,ทั้งในและนอกสถานที่
thai,- ศูนย์เรียนรู้ออนไลน์ของผู้ผลิต
thai,| ทำธุรกิจออนไลน์
thai,| ความรู้ด้านสุขภาพและความงาม
thai,| ทำให้คุณรู้สึกดีขึ้นทุกวัน
thai,สำหรับคนทั่วไป - ความรู้เกี่ยวกับการพิมพ์
thai,ทั้งการเรียน การทำงาน การสังคม และความรู้สึกต่างๆ
thai,หรือสิ่งที่คุณต้องการให้ผู้อ่านรู้ - Page 14 of
thai,| ข้อมูลทั่วไปและสาระความรู้
thai,| สร้างแรงบันดาลใจด้วยความรักและความเมตตา
thai,หรือเรื่องราวที่คุณชอบ - 123456789
thai,20 ข้อ | เรื่องราวทั่วโลก
thai,20 ข้อ
thai,1. ฉันมีความสุขที่ได้ใช้เวลาด้วยเพื่อนร่วมงานของเรา
thai,หรือสิ่งที่ต้องทำให้คนอ่านเข้าใจและรู้สึกดีขึ้
thai,ไม่เกิน 200 คำ - Pantip
thai,คุณสามารถสร้างประโยคที่ง่ายและสั้นๆ สำหรับชีวิตประจำวัน
thai,ไม่เกิน 20 คำ - การเขียนรูปแบบการเรียนรู้ภาษาไทย
thai,2016-11-05 - ข้อความภาษาไทย
thai,ที่มักจะถูกใช้บ่อยครั้ง - ข้อความพื้นฐาน | ความร
thai,- ข้อความที่ทำให้คนอ่านรู้สึกดี 100% | Siamnews
thai,1. ฉันชอบการทำอาหาร.
thai,10 ข้อ - หัวข้อที่ดึงดูดใจมากที่สุด สำหรับคน
thai,ด้วยภาษาไทย | ศูนย์เรียนรู้ออนไลน์
thai,10 ข้อ | ความรู้
thai,"- คุณภาพ ทั้งในส่วนของความรู้, การใช้จ่าย และการทำบุญ"
thai,- ข้อความภาษาไทย
thai,หรือเรื่องราวทั่วไป | ศิลปะการเขียน
thai,ไม่ต้องใช้คำยากๆ - บล็อกนักเรียน
thai,- คริสตจักรท้องถิ่นของฉัน
thai,- วิธีการเขียน
thai,ที่ทำให้คุณรู้สึกดีใจ | ความรู้เรื่องการพนัน
thai,หรือเรื่องราวของคุณ | หัวข้อ: ความรู้เกี่ยวกับการเขียน
thai,10 ข้อ ด้วยภาษาไทย | ศูนย์ฝึกอบรมและประเมินผลการเรียนร
thai,50 ประโยค แบบไม่ต้องใช้ภาษาจารึก - 2564
thai,สวัสดีค่ะ ขอเริ่มต้นด้วยคำพูดนี้นะคะ ค่ะ หากคุ
thai,2016-04-17 18:52:39
thai,แต่ต้องทำให้เป็นข้อความที่ลึกซึ้งและแสดงถึงคุณภาพของ
thai,10 ข้อ - สอนภาษาไทย
thai,ที่มีความหมายและใช้ได้จริง - เรื่องเล่าเพิ่มเติม
thai,50 ข้อความ รู้เรื่องราวทั้งหมด - ดูดวง หวย ข่าวสาร
thai,หรือสิ่งที่เกิดขึ้นในช่วงนี้ | คุณภาพ
thai,หรือเรื่องราวที่เกิดขึ้นในครอบครัว ถ้ามีคนอ่าน ให้
thai,สำหรับนักเรียน - ทั้งหมดของคุณ
thai,ขอให้คุณมั่นใจในการใช้บริการของเรา ทุกข้อมูลจะถูกเก
thai,ให้เป็นความคิดเห็นทั่วไป - ฟังเพลงใหม่ ศิลปินดัง
thai,- ท่านผู้อ่านทุกคน
thai,| บทความการศึกษา
thai,ทั้งการสื่อสาร การทำงาน และการพักผ่อน
thai,หรือความรู้สึกที่คุณได้รับ - วิทยาศาสตร์
thai,| สร้างความสุข
thai,50 ประโยค - สรุปข้อมูลด้านล่างนี้ได้เรียบร้อยแล้ว
thai,ที่มักจะพบเจอ หรือไม่ค่อยรู้จัก แต่ใช้ได้จริงๆ |
thai,ทั่วไป - สร้างความรู้ สร้างความคิด
thai,100 ประโยค
thai,- ข่าวสารทั่วไป
